county_id,county,agency,murder_count,rape_count,robbery_count,assault_count,burglary_count,larceny_count,auto_theft_count,year
1,Atlantic,ABSECON CITY PD,0,2,5,18,44,284,17,2020
1,Atlantic,ATLANTIC CITY PD,9,28,116,156,139,785,89,2020
1,Atlantic,ATLANTIC CO SHERIFF'S  OFFICE,0,0,0,0,0,0,0,2020
1,Atlantic,ATLANTIC COUNTY PROSECUTOR'S OFFICE,0,0,0,0,0,0,0,2020
1,Atlantic,BRIGANTINE PD,1,0,0,4,23,120,14,2020
1,Atlantic,BUENA PD,0,0,2,0,10,26,3,2020
1,Atlantic,EGG HARBOR CITY PD,0,2,6,7,30,115,11,2020
1,Atlantic,EGG HARBOR TWP PD,4,7,6,33,85,672,38,2020
1,Atlantic,GALLOWAY TWP PD,0,1,4,89,91,295,22,2020
1,Atlantic,HAMILTON TWP PD,0,4,6,19,50,394,24,2020
1,Atlantic,HAMMONTON PD,0,0,0,23,37,145,7,2020
1,Atlantic,LINWOOD CITY PD,0,0,0,1,5,20,0,2020
1,Atlantic,LONGPORT PD,0,0,0,0,2,6,0,2020
1,Atlantic,MARGATE PD,0,0,1,4,26,98,5,2020
1,Atlantic,MULLICA TWP PD,0,0,0,7,26,71,3,2020
1,Atlantic,NORTHFIELD PD,0,0,0,0,14,53,6,2020
1,Atlantic,PLEASANTVILLE PD,2,1,20,4,117,124,25,2020
1,Atlantic,SOMERS POINT PD,1,3,9,11,30,184,6,2020
1,Atlantic,SP: ATLANTIC COUNTY,0,5,5,19,30,342,7,2020
1,Atlantic,STOCKTON UNIVERSITY,0,1,0,2,0,16,0,2020
1,Atlantic,VENTNOR PD,0,1,3,13,34,228,6,2020
2,Bergen,ALLENDALE PD,0,0,0,1,9,33,5,2020
2,Bergen,ALPINE PD,0,0,0,0,2,12,12,2020
2,Bergen,BERGEN CO PROSECUTOR'S OFFICE,0,0,0,0,0,0,0,2020
2,Bergen,BERGEN CO SHERIFF'S DEPT,0,0,0,0,0,0,0,2020
2,Bergen,BERGENFIELD PD,0,0,2,11,8,64,12,2020
2,Bergen,BOGOTA PD,0,0,0,0,3,45,1,2020
2,Bergen,CARLSTADT PD,0,0,1,2,3,72,6,2020
2,Bergen,CLIFFSIDE PARK PD,0,2,4,9,4,82,1,2020
2,Bergen,CLOSTER PD,0,0,0,3,6,37,6,2020
2,Bergen,CRESSKILL PD,1,0,0,0,4,21,8,2020
2,Bergen,DEMAREST PD,0,0,0,1,1,8,5,2020
2,Bergen,DUMONT PD,1,0,2,4,5,42,6,2020
2,Bergen,EAST RUTHERFORD PD,0,3,1,5,5,103,14,2020
2,Bergen,EDGEWATER PD,0,1,2,6,11,116,17,2020
2,Bergen,ELMWOOD PARK PD,0,0,10,9,22,211,26,2020
2,Bergen,EMERSON PD,0,0,0,0,1,24,3,2020
2,Bergen,ENGLEWOOD CLIFFS PD,0,0,1,0,23,16,8,2020
2,Bergen,ENGLEWOOD PD,1,7,13,30,69,226,32,2020
2,Bergen,FAIR LAWN PD,0,2,7,3,15,218,11,2020
2,Bergen,FAIRVIEW PD,0,0,8,9,22,92,17,2020
2,Bergen,FORT LEE PD,0,9,8,22,67,263,44,2020
2,Bergen,FRANKLIN LAKES BORO PD,0,0,1,1,8,59,13,2020
2,Bergen,GARFIELD PD,0,3,10,22,26,310,21,2020
2,Bergen,GLEN ROCK PD,0,0,0,1,2,39,7,2020
2,Bergen,HACKENSACK PD,2,5,19,28,55,455,63,2020
2,Bergen,HARRINGTON PARK PD,0,0,0,0,1,7,0,2020
2,Bergen,HASBROUCK HEIGHTS PD,0,0,0,0,2,27,0,2020
2,Bergen,HAWORTH PD,0,0,0,0,1,0,2,2020
2,Bergen,HILLSDALE PD,0,0,0,0,3,32,4,2020
2,Bergen,HO-HO-KUS PD,0,0,0,0,18,7,3,2020
2,Bergen,LEONIA PD,0,0,1,2,2,47,8,2020
2,Bergen,LITTLE FERRY PD,0,0,1,6,4,39,9,2020
2,Bergen,LODI PD,0,4,2,16,16,152,15,2020
2,Bergen,LYNDHURST PD,0,1,6,8,13,127,19,2020
2,Bergen,MAHWAH TWP PD,0,0,2,3,11,73,8,2020
2,Bergen,MAYWOOD PD,0,0,0,2,6,58,4,2020
2,Bergen,MIDLAND PARK PD,0,0,0,3,2,21,1,2020
2,Bergen,MONTVALE PD,0,0,1,1,2,19,5,2020
2,Bergen,MOONACHIE PD,0,2,0,4,0,35,1,2020
2,Bergen,NEW MILFORD PD,0,0,0,19,6,64,4,2020
2,Bergen,NORTH ARLINGTON PD,0,3,0,4,13,84,9,2020
2,Bergen,NORTHVALE PD,0,0,0,1,0,5,0,2020
2,Bergen,NORWOOD PD,0,0,1,2,2,16,2,2020
2,Bergen,OAKLAND PD,0,1,0,3,9,78,3,2020
2,Bergen,OLD TAPPAN PD,0,0,0,1,4,3,6,2020
2,Bergen,ORADELL PD,0,1,0,2,17,15,3,2020
2,Bergen,PALISADES INTER. PARKWAY PD,0,0,0,0,0,0,0,2020
2,Bergen,PALISADES PARK PD,0,1,1,5,23,65,17,2020
2,Bergen,PARAMUS PD,0,1,2,20,9,420,26,2020
2,Bergen,PARK RIDGE PD,0,0,0,0,5,7,1,2020
2,Bergen,RAMSEY PD,0,0,1,4,10,66,10,2020
2,Bergen,RIDGEFIELD BORO PD,0,0,1,2,20,53,8,2020
2,Bergen,RIDGEFIELD PARK PD,0,0,0,6,3,139,13,2020
2,Bergen,RIDGEWOOD VILLAGE PD,0,2,1,5,9,115,9,2020
2,Bergen,RIVER EDGE PD,0,0,1,0,5,78,1,2020
2,Bergen,RIVER VALE PD,0,0,0,0,2,22,1,2020
2,Bergen,ROCHELLE PARK PD,0,0,1,2,0,70,5,2020
2,Bergen,ROCKLEIGH BOROUGH,0,0,0,0,0,0,0,2020
2,Bergen,RUTHERFORD PD,1,4,0,5,18,136,23,2020
2,Bergen,SADDLE BROOK PD,0,0,0,0,1,182,5,2020
2,Bergen,SADDLE RIVER PD,0,0,0,3,8,10,5,2020
2,Bergen,SOUTH HACKENSACK PD,0,0,4,5,4,50,14,2020
2,Bergen,STATE POLICE BERGEN COUNTY,3,1,0,5,0,40,2,2020
2,Bergen,TEANECK PD,0,8,12,31,49,323,26,2020
2,Bergen,TENAFLY PD,0,0,2,3,13,37,15,2020
2,Bergen,TETERBORO BOROUGH,0,0,0,0,0,88,1,2020
2,Bergen,UPPER SADDLE RIVER PD,0,0,0,1,3,21,10,2020
2,Bergen,WALDWICK PD,0,0,0,2,1,52,3,2020
2,Bergen,WALLINGTON PD,0,0,3,8,6,115,12,2020
2,Bergen,WASHINGTON TWP PD,0,0,2,1,5,12,2,2020
2,Bergen,WESTWOOD PD,0,0,0,0,18,37,1,2020
2,Bergen,WOODCLIFF LAKE PD,0,0,0,1,3,15,3,2020
2,Bergen,WOOD-RIDGE PD,0,1,0,1,3,41,4,2020
2,Bergen,WYCKOFF TWP PD,0,0,1,1,13,78,9,2020
3,Burlington,BEVERLY CITY PD,1,1,0,19,8,18,0,2020
3,Burlington,BORDENTOWN CITY PD,0,0,1,5,2,17,1,2020
3,Burlington,BORDENTOWN TWP  PD,0,1,1,8,6,53,14,2020
3,Burlington,BURLINGTON CITY PD,1,0,9,22,21,107,9,2020
3,Burlington,BURLINGTON CO PROSECUTORS OFFICE,0,0,0,0,0,0,0,2020
3,Burlington,BURLINGTON COUNTY SHERIFF'S OFFICE,0,0,0,0,0,0,0,2020
3,Burlington,BURLINGTON TWP PD,1,6,2,26,26,248,16,2020
3,Burlington,CHESTERFIELD TWP PD,0,0,0,0,3,9,2,2020
3,Burlington,CINNAMINSON PD,0,0,2,8,27,335,9,2020
3,Burlington,DELANCO TWP PD,0,1,1,5,1,25,1,2020
3,Burlington,DELRAN TWP PD,0,1,1,5,19,162,7,2020
3,Burlington,EASTAMPTON TWP PD,0,1,2,0,6,62,5,2020
3,Burlington,EDGEWATER PARK TWP PD,1,0,2,12,17,62,10,2020
3,Burlington,EVESHAM TWP PD,0,4,3,21,68,281,10,2020
3,Burlington,FIELDSBORO PD,0,0,0,0,0,0,0,2020
3,Burlington,FLORENCE TWP PD,0,4,2,7,4,36,4,2020
3,Burlington,LUMBERTON TWP PD,0,1,6,8,16,151,17,2020
3,Burlington,MANSFIELD TWP PD,0,1,0,3,5,32,23,2020
3,Burlington,MAPLE SHADE PD,1,12,8,27,53,319,39,2020
3,Burlington,MEDFORD LAKES PD,0,0,0,1,1,14,1,2020
3,Burlington,MEDFORD TWP PD,0,4,1,7,27,175,1,2020
3,Burlington,MOORESTOWN PD,0,3,5,6,15,124,10,2020
3,Burlington,MOUNT HOLLY PD,0,5,5,35,6,98,1,2020
3,Burlington,MOUNT LAUREL TWP PD,2,14,9,33,26,451,36,2020
3,Burlington,NEW HANOVER TWP PD,0,0,0,0,0,3,0,2020
3,Burlington,NORTH HANOVER TWP PD,0,0,0,4,4,10,3,2020
3,Burlington,PALMYRA BORO PD,0,2,3,9,11,108,3,2020
3,Burlington,PEMBERTON BORO PD,0,0,0,0,2,19,0,2020
3,Burlington,PEMBERTON TWP PD,2,13,10,36,114,232,33,2020
3,Burlington,RIVERSIDE PD,0,2,2,12,16,66,0,2020
3,Burlington,RIVERTON BORO PD,0,0,0,0,0,14,1,2020
3,Burlington,SPRINGFIELD TWP PD,0,0,0,0,6,13,1,2020
3,Burlington,STATE POLICE BURLINGTON COUNTY,0,7,1,21,55,131,17,2020
3,Burlington,WESTAMPTON TWP PD,0,9,2,19,23,130,10,2020
3,Burlington,WILLINGBORO PD,2,4,22,67,42,115,17,2020
4,Camden,AUDUBON PARK PD,0,0,1,1,4,10,0,2020
4,Camden,AUDUBON PD,0,0,6,10,9,268,4,2020
4,Camden,BARRINGTON PD,0,0,1,5,10,47,5,2020
4,Camden,BELLMAWR PD,0,0,1,10,9,159,9,2020
4,Camden,BERLIN BORO PD,0,1,1,7,10,93,2,2020
4,Camden,BERLIN TWP PD,0,0,1,5,7,179,2,2020
4,Camden,BROOKLAWN PD,0,1,7,4,13,130,7,2020
4,Camden,CAMDEN CO PROSECUTOR'S OFFICE,0,0,0,0,0,0,0,2020
4,Camden,CAMDEN CO SHERIFF'S DEPT,0,0,1,1,0,11,0,2020
4,Camden,CAMDEN PD,23,55,222,872,252,962,365,2020
4,Camden,CHERRY HILL TWP PD,0,2,31,51,93,1391,61,2020
4,Camden,CHESILHURST PD,0,1,0,2,12,21,6,2020
4,Camden,CLEMENTON BORO PD,0,0,1,3,22,53,1,2020
4,Camden,COLLINGSWOOD PD,0,3,10,13,53,271,11,2020
4,Camden,DELAWARE RIVER PORT AUTHORITY,0,0,1,5,0,32,1,2020
4,Camden,GIBBSBORO PD,0,0,0,2,4,18,0,2020
4,Camden,GLOUCESTER CITY PD,0,0,5,10,40,223,7,2020
4,Camden,GLOUCESTER TWP PD,1,11,16,26,54,691,26,2020
4,Camden,HADDON HEIGHTS PD,0,0,1,2,11,29,1,2020
4,Camden,HADDON TWP PD,1,0,4,24,43,223,7,2020
4,Camden,HADDONFIELD PD,0,0,1,2,11,185,6,2020
4,Camden,HI-NELLA POLICE DEPARTMENT,0,0,0,3,2,10,1,2020
4,Camden,LAUREL SPRINGS PD,0,0,1,4,1,11,0,2020
4,Camden,LAWNSIDE BORO PD,0,0,3,5,11,85,0,2020
4,Camden,LINDENWOLD BORO PD,1,12,31,65,96,287,33,2020
4,Camden,MAGNOLIA PD,0,0,3,14,17,81,1,2020
4,Camden,MERCHANTVILLE PD,0,0,2,4,9,43,2,2020
4,Camden,MT. EPHRAIM PD,0,0,1,7,15,263,7,2020
4,Camden,OAKLYN BORO PD,0,0,2,2,14,83,10,2020
4,Camden,PENNSAUKEN TWP PD,1,3,30,61,137,691,95,2020
4,Camden,PINE HILL PD,1,2,6,23,35,112,20,2020
4,Camden,PINE VALLEY BORO PD,0,0,0,0,0,0,0,2020
4,Camden,RUNNEMEDE PD,1,0,3,4,23,131,7,2020
4,Camden,RUTGERS UNIV CAMPUS PD,0,0,3,1,1,34,0,2020
4,Camden,SOMERDALE PD,0,0,3,8,13,228,4,2020
4,Camden,STATE POLICE CAMDEN COUNTY,0,1,1,7,0,10,4,2020
4,Camden,STRATFORD BORO PD,0,0,2,3,8,92,3,2020
4,Camden,VOORHEES TWP PD,0,0,5,12,39,218,7,2020
4,Camden,WATERFORD TWP PD,0,1,1,13,14,47,4,2020
4,Camden,WINSLOW TWP PD,0,2,17,53,57,251,28,2020
4,Camden,WOODLYNNE PD,0,0,1,12,7,50,13,2020
5,Cape May,AVALON BORO PD,0,0,0,7,17,225,0,2020
5,Cape May,CAPE MAY CITY PD,0,1,0,0,2,58,1,2020
5,Cape May,CAPE MAY CO PROSECUTOR'S OFFICE,0,0,0,0,0,0,0,2020
5,Cape May,CAPE MAY CO SHERIFF'S OFFICE,0,0,0,0,0,0,0,2020
5,Cape May,CAPE MAY POINT BORO PD,0,0,0,0,1,5,0,2020
5,Cape May,LOWER TWP PD,0,5,6,22,21,99,14,2020
5,Cape May,MIDDLE TWSP PD,0,6,5,24,36,194,15,2020
5,Cape May,NORTH WILDWOOD CITY PD,0,1,2,9,5,98,5,2020
5,Cape May,OCEAN CITY PD,0,1,2,5,39,287,8,2020
5,Cape May,SEA ISLE CITY PD,0,0,0,1,20,94,0,2020
5,Cape May,STATE POLICE CAPE MAY COUNTY,0,2,2,6,24,67,6,2020
5,Cape May,STONE HARBOR BORO PD,0,1,0,1,9,58,2,2020
5,Cape May,WEST CAPE MAY BORO PD,0,0,0,1,0,6,0,2020
5,Cape May,WEST WILDWOOD BORO PD,0,0,0,0,5,10,1,2020
5,Cape May,WILDWOOD CREST BORO PD,0,0,0,9,14,77,3,2020
5,Cape May,WILDWOOD PD,0,2,8,25,44,281,5,2020
6,Cumberland,BRIDGETON PD,2,11,82,139,158,534,45,2020
6,Cumberland,CUMBERLAND CO PROSECUTOR'S OFFICE,0,0,0,0,0,0,0,2020
6,Cumberland,CUMBERLAND CO SHERIFF'S DEPT,0,0,0,0,0,0,0,2020
6,Cumberland,MILLVILLE PD,2,8,35,128,120,764,44,2020
6,Cumberland,STATE POLICE CUMBERLAND COUNTY,1,3,3,28,117,148,23,2020
6,Cumberland,VINELAND PD,3,17,34,173,198,1000,41,2020
7,Essex,BELLEVILLE PD,0,2,11,28,41,403,78,2020
7,Essex,BLOOMFIELD PD,1,0,21,28,41,408,83,2020
7,Essex,CALDWELL PD,0,0,0,0,27,30,4,2020
7,Essex,CEDAR GROVE PD,0,0,0,3,8,67,4,2020
7,Essex,EAST ORANGE PD,6,18,76,194,72,566,172,2020
7,Essex,ESSEX CO PROSECUTOR'S OFFICE,0,0,0,0,0,0,0,2020
7,Essex,ESSEX CO SHERIFF'S OFFICE,0,7,28,55,14,88,6,2020
7,Essex,ESSEX COUNTY COLLEGE PD,0,0,0,0,0,0,0,2020
7,Essex,ESSEX FELLS PD,0,1,0,0,5,11,10,2020
7,Essex,FAIRFIELD PD,0,0,2,4,16,91,10,2020
7,Essex,GLEN RIDGE PD,0,1,1,4,12,74,8,2020
7,Essex,IRVINGTON PD,11,18,112,89,101,551,356,2020
7,Essex,LIVINGSTON PD,0,1,0,8,27,193,25,2020
7,Essex,MAPLEWOOD PD,0,1,9,4,11,295,37,2020
7,Essex,MILLBURN PD,0,0,2,0,25,241,40,2020
7,Essex,MONTCLAIR PD,0,3,14,21,35,211,21,2020
7,Essex,MONTCLAIR STATE COLLEGE PD,0,0,0,1,1,15,0,2020
7,Essex,NEW JERSEY INSTITUTE OF TECHNOLOGY,0,0,1,0,1,21,1,2020
7,Essex,NEW JERSEY TRANSIT POLICE,0,0,0,18,1,174,7,2020
7,Essex,NEWARK PD,56,116,367,953,535,2325,1707,2020
7,Essex,NORTH CALDWELL PD,0,0,1,1,14,6,4,2020
7,Essex,NUTLEY PD,0,0,4,17,16,131,23,2020
7,Essex,ORANGE PD,3,11,61,68,80,334,115,2020
7,Essex,ROSELAND PD,0,0,0,0,1,20,7,2020
7,Essex,RUTGERS NEWARK CAMPUS,0,2,5,2,5,132,1,2020
7,Essex,SOUTH ORANGE PD,0,0,7,8,8,157,36,2020
7,Essex,STATE POLICE ESSEX COUNTY,0,0,3,2,1,11,5,2020
7,Essex,VERONA PD,0,1,0,0,7,79,4,2020
7,Essex,WEST CALDWELL PD,0,0,1,2,2,56,4,2020
7,Essex,WEST ORANGE PD,1,11,14,33,89,525,69,2020
8,Gloucester,CLAYTON PD,1,0,0,19,5,60,4,2020
8,Gloucester,DEPTFORD TWP PD,1,5,18,25,130,854,22,2020
8,Gloucester,EAST GREENWICH TWP PD,0,1,1,1,4,72,6,2020
8,Gloucester,ELK TWP PD,0,1,0,0,5,24,2,2020
8,Gloucester,FRANKLIN TWP PD,0,0,2,8,32,95,15,2020
8,Gloucester,GLASSBORO PD,3,2,6,34,60,186,21,2020
8,Gloucester,GLOUCESTER CO PROSECUTOR'S OFFICE,0,0,0,0,0,0,0,2020
8,Gloucester,GLOUCESTER CO SHERIFF'S DEPT,0,0,0,0,0,0,0,2020
8,Gloucester,GREENWICH TWP PD,0,0,0,3,3,39,4,2020
8,Gloucester,HARRISON TWP PD,0,1,2,5,13,63,7,2020
8,Gloucester,LOGAN TWP PD,0,0,1,3,2,69,5,2020
8,Gloucester,MANTUA TWP PD,0,1,3,8,30,132,12,2020
8,Gloucester,MONROE TWP PD,0,2,11,17,62,316,22,2020
8,Gloucester,NATIONAL PARK PD,0,0,1,4,11,29,0,2020
8,Gloucester,NEWFIELD PD,0,0,2,0,0,2,1,2020
8,Gloucester,PAULSBORO PD,0,0,2,14,21,64,10,2020
8,Gloucester,PITMAN PD,0,0,0,7,1,42,1,2020
8,Gloucester,ROWAN UNIVERSITY OF NJ,0,1,3,1,5,41,1,2020
8,Gloucester,SOUTH HARRISON PD,0,0,0,0,0,10,0,2020
8,Gloucester,STATE POLICE GLOUCESTER COUNTY,0,0,0,3,0,3,1,2020
8,Gloucester,SWEDESBORO PD,0,0,0,0,2,11,2,2020
8,Gloucester,WASHINGTON TWP PD,0,0,8,48,57,333,17,2020
8,Gloucester,WENONAH PD,0,0,0,2,3,15,1,2020
8,Gloucester,WEST DEPTFORD TWP PD,0,0,5,11,61,167,15,2020
8,Gloucester,WESTVILLE PD,1,0,1,7,18,71,4,2020
8,Gloucester,WOODBURY CITY PD,1,0,15,22,44,266,18,2020
8,Gloucester,WOODBURY HEIGHTS PD,0,0,0,1,8,62,1,2020
8,Gloucester,WOOLWICH TWP PD,0,0,0,1,2,43,2,2020
9,Hudson,BAYONNE PD,1,5,33,79,84,514,49,2020
9,Hudson,EAST NEWARK PD,0,0,0,1,0,9,1,2020
9,Hudson,GUTTENBERG PD,0,0,7,9,10,61,6,2020
9,Hudson,HARRISON PD,0,2,13,25,25,227,37,2020
9,Hudson,HOBOKEN PD,1,2,13,50,111,626,37,2020
9,Hudson,HUDSON CO PROSECUTOR' OFF - S/FORCE,0,0,0,0,0,0,0,2020
9,Hudson,HUDSON CO SHERIFF'S DEPT,0,0,0,0,0,0,0,2020
9,Hudson,JERSEY CITY PD,17,59,340,751,500,3004,436,2020
9,Hudson,KEARNY PD,0,2,14,29,29,377,67,2020
9,Hudson,NORTH BERGEN PD,0,11,11,30,20,229,56,2020
9,Hudson,PORT AUTHORITY OF NY AND NJ,0,0,6,39,13,257,5,2020
9,Hudson,SECAUCUS PD,0,9,17,24,23,360,19,2020
9,Hudson,STATE POLICE HUDSON COUNTY,0,1,0,0,1,1,0,2020
9,Hudson,STEVENS INSTITUTE OF TECHNOLOGY,0,0,0,0,1,8,0,2020
9,Hudson,UNION CITY PD,0,10,42,151,98,1017,70,2020
9,Hudson,WEEHAWKEN PD,0,2,6,12,33,211,16,2020
9,Hudson,WEST NEW YORK PD,0,12,32,62,62,480,45,2020
10,Hunterdon,CALIFON BOROUGH,0,0,0,0,1,2,0,2020
10,Hunterdon,CLINTON TOWN PD,0,0,0,0,1,6,0,2020
10,Hunterdon,CLINTON TWP PD,0,1,0,2,1,38,2,2020
10,Hunterdon,DELAWARE TWP PD,1,0,0,0,2,7,0,2020
10,Hunterdon,FLEMINGTON PD,0,0,0,2,9,38,3,2020
10,Hunterdon,FRANKLIN TWP PD,0,0,0,0,0,16,0,2020
10,Hunterdon,FRENCHTOWN BORO PD,0,0,0,0,0,6,0,2020
10,Hunterdon,HIGH BRIDGE BORO PD,0,0,0,0,2,9,1,2020
10,Hunterdon,HOLLAND TWP PD,0,0,0,1,2,8,0,2020
10,Hunterdon,HUNTERDON CO PROSECUTOR' OFFICE,0,0,0,0,0,0,0,2020
10,Hunterdon,HUNTERDON CO SHERIFF'S DEPT,0,0,0,0,0,0,0,2020
10,Hunterdon,LAMBERTVILLE CITY PD,0,0,0,0,1,20,0,2020
10,Hunterdon,LEBANON TWP PD,0,0,0,1,7,24,0,2020
10,Hunterdon,RARITAN TWP PD,0,0,0,6,6,66,2,2020
10,Hunterdon,READINGTON PD,0,1,0,1,12,59,6,2020
10,Hunterdon,STATE POLICE HUNTERDON COUNTY,0,0,1,5,18,51,4,2020
10,Hunterdon,TEWKSBURY TWP PD,0,0,0,4,14,12,7,2020
10,Hunterdon,WEST AMWELL TWP PD,0,0,0,0,1,8,3,2020
11,Mercer,COLLEGE OF NEW JERSEY,0,1,0,0,0,16,0,2020
11,Mercer,DEPT OF CORRECTIONS,0,0,0,79,0,0,0,2020
11,Mercer,EAST WINDSOR TWP PD,0,3,3,10,12,173,7,2020
11,Mercer,EWING TWP PD,1,6,14,28,49,312,43,2020
11,Mercer,HAMILTON TWP PD,0,22,49,82,252,1145,72,2020
11,Mercer,HIGHTSTOWN PD,0,1,0,9,1,25,1,2020
11,Mercer,HOPEWELL BOROUGH,0,0,0,1,1,3,1,2020
11,Mercer,HOPEWELL TWP PD,0,3,0,1,15,57,4,2020
11,Mercer,LAWRENCE TWP PD,0,9,8,23,44,291,24,2020
11,Mercer,MERCER CO PROSECUTOR' OFF/ID UNIT,0,0,0,0,0,0,0,2020
11,Mercer,MERCER CO SHERIFF'S DEPT,0,0,0,4,0,3,1,2020
11,Mercer,NJ DEPARTMENT OF HUMAN SERVICES,0,0,1,32,0,16,0,2020
11,Mercer,NJ DIV CRIMINAL JUSTICE - TRENTON,0,0,0,0,0,0,0,2020
11,Mercer,NJ DIVISION OF FISH & WILDLIFE,0,0,0,0,0,4,0,2020
11,Mercer,NJ PARK POLICE,0,2,0,1,17,30,1,2020
11,Mercer,PENNINGTON BORO PD,0,0,0,0,0,4,0,2020
11,Mercer,PRINCETON PD,0,0,3,8,19,161,16,2020
11,Mercer,PRINCETON UNIVERSITY POLICE,0,3,1,0,11,69,10,2020
11,Mercer,ROBBINSVILLE TOWNSHIP POLICE,0,0,0,2,7,36,2,2020
11,Mercer,STATE POLICE,0,0,0,105,0,0,0,2020
11,Mercer,STATE POLICE MERCER COUNTY,0,1,0,7,4,12,6,2020
11,Mercer,TRENTON PD,40,50,262,617,412,1038,283,2020
11,Mercer,WEST WINDSOR TWP PD,0,2,2,7,19,226,7,2020
12,Middlesex,CARTERET PD,1,3,10,25,20,208,35,2020
12,Middlesex,CRANBURY TWP PD,0,0,0,1,3,35,0,2020
12,Middlesex,DUNELLEN PD,0,0,0,5,13,91,3,2020
12,Middlesex,EAST BRUNSWICK TWP PD,0,1,5,19,40,281,11,2020
12,Middlesex,EDISON TWP PD,1,9,31,62,131,886,117,2020
12,Middlesex,HELMETTA PD,0,0,0,0,1,5,1,2020
12,Middlesex,HIGHLAND PARK PD,0,3,1,1,21,111,17,2020
12,Middlesex,JAMESBURG PD,0,0,1,2,8,4,1,2020
12,Middlesex,METUCHEN PD,0,0,1,9,14,176,9,2020
12,Middlesex,MIDDLESEX BORO PD,0,1,0,2,4,62,9,2020
12,Middlesex,MIDDLESEX CO COLLEGE PD,0,1,0,0,0,1,0,2020
12,Middlesex,MIDDLESEX CO PROSECUTOR'S OFFICE,0,0,0,0,0,0,0,2020
12,Middlesex,MIDDLESEX CO SHERIFF'S DEPT,0,0,0,0,0,0,0,2020
12,Middlesex,MILLTOWN PD,0,0,0,2,4,65,0,2020
12,Middlesex,MONROE TWP PD,0,0,0,9,19,82,13,2020
12,Middlesex,NEW BRUNSWICK PD,4,13,78,190,136,752,76,2020
12,Middlesex,NORTH BRUNSWICK TWP PD,1,4,10,54,54,421,25,2020
12,Middlesex,OLD BRIDGE TWP PD,0,2,9,15,52,252,52,2020
12,Middlesex,PERTH AMBOY PD,1,4,23,109,61,393,54,2020
12,Middlesex,PISCATAWAY TWP PD,1,14,9,36,42,303,36,2020
12,Middlesex,PLAINSBORO TWP PD,0,1,0,7,14,69,7,2020
12,Middlesex,RUTGERS UNIVERSITY PD,0,1,2,5,14,116,3,2020
12,Middlesex,SAYREVILLE PD,0,2,11,42,32,192,36,2020
12,Middlesex,SOUTH AMBOY PD,1,0,0,11,5,63,5,2020
12,Middlesex,SOUTH BRUNSWICK TWP PD,0,6,3,14,42,303,8,2020
12,Middlesex,SOUTH PLAINFIELD PD,0,0,6,22,30,247,11,2020
12,Middlesex,SOUTH RIVER PD,0,4,3,22,14,68,3,2020
12,Middlesex,SPOTSWOOD PD,0,0,0,6,7,22,1,2020
12,Middlesex,STATE POLICE MIDDLESEX COUNTY,0,1,1,4,2,17,1,2020
12,Middlesex,WOODBRIDGE TWP PD,1,16,20,89,107,1020,109,2020
13,Monmouth,ABERDEEN TWP PD,0,4,3,8,6,96,8,2020
13,Monmouth,ABERDEEN TWP PD,0,4,3,8,6,96,8,2020
13,Monmouth,ALLENHURST PD,0,0,0,0,0,9,0,2020
13,Monmouth,ALLENTOWN BORO PD,0,0,0,1,2,5,0,2020
13,Monmouth,ASBURY PARK PD,1,12,48,127,73,437,15,2020
13,Monmouth,ATLANTIC HIGHLANDS PD,0,0,0,1,2,20,1,2020
13,Monmouth,AVON-BY-THE-SEA PD,0,0,0,0,8,78,1,2020
13,Monmouth,BELMAR PD,0,2,0,2,10,102,5,2020
13,Monmouth,BRADLEY BEACH PD,0,0,0,3,10,71,2,2020
13,Monmouth,BRIELLE PD,0,0,0,2,2,11,4,2020
13,Monmouth,BROOKDALE COLLEGE PD,0,0,0,0,0,9,0,2020
13,Monmouth,COLTS NECK PD,0,0,0,2,6,69,18,2020
13,Monmouth,DEAL PD,0,0,0,1,1,20,18,2020
13,Monmouth,EATONTOWN PD,0,5,5,14,15,193,5,2020
13,Monmouth,ENGLISHTOWN PD,0,0,0,2,7,9,0,2020
13,Monmouth,FAIR HAVEN PD,0,0,0,1,3,22,4,2020
13,Monmouth,FREEHOLD BORO PD,0,2,15,8,26,137,7,2020
13,Monmouth,FREEHOLD TWP PD,0,2,6,17,37,361,27,2020
13,Monmouth,HAZLET TWP PD,0,3,3,11,16,191,19,2020
13,Monmouth,HIGHLANDS PD,0,0,0,3,4,18,0,2020
13,Monmouth,HOLMDEL PD,0,0,0,9,16,90,9,2020
13,Monmouth,HOWELL TWP PD,0,7,2,27,43,343,9,2020
13,Monmouth,INTERLAKEN PD,0,0,0,0,0,7,1,2020
13,Monmouth,KEANSBURG PD,0,6,4,15,14,131,6,2020
13,Monmouth,KEYPORT PD,0,1,0,8,4,68,6,2020
13,Monmouth,LAKE COMO BORO PD,0,1,0,1,2,9,0,2020
13,Monmouth,LITTLE SILVER PD,0,0,0,1,1,24,6,2020
13,Monmouth,LOCH ARBOUR VILLAGE PD,0,0,0,0,2,6,0,2020
13,Monmouth,LONG BRANCH PD,0,13,21,58,54,469,37,2020
13,Monmouth,MANALAPAN TWP PD,0,7,1,4,20,153,19,2020
13,Monmouth,MANASQUAN PD,0,0,0,4,8,69,3,2020
13,Monmouth,MARLBORO TWP PD,0,0,1,10,23,244,35,2020
13,Monmouth,MATAWAN PD,0,0,0,0,1,4,1,2020
13,Monmouth,MIDDLETOWN PD,0,3,3,10,33,291,33,2020
13,Monmouth,MONMOUTH BEACH PD,0,0,0,1,2,14,6,2020
13,Monmouth,MONMOUTH CO PROSECUTOR'S OFFICE,0,0,0,0,0,0,0,2020
13,Monmouth,MONMOUTH CO SHERIFF'S DEPT,0,0,0,3,0,0,0,2020
13,Monmouth,MONMOUTH UNIVERSITY PD,0,0,0,0,0,4,0,2020
13,Monmouth,NEPTUNE CITY PD,0,1,4,14,9,111,4,2020
13,Monmouth,NEPTUNE TWP PD,0,3,26,78,90,808,11,2020
13,Monmouth,OCEAN TWP PD,0,0,14,8,49,466,26,2020
13,Monmouth,OCEANPORT PD,0,0,0,5,11,37,4,2020
13,Monmouth,RED BANK PD,0,11,1,15,11,98,7,2020
13,Monmouth,RUMSON PD,0,0,0,0,0,28,21,2020
13,Monmouth,SEA BRIGHT PD,0,0,0,0,1,4,0,2020
13,Monmouth,SEA GIRT PD,0,0,0,0,4,6,3,2020
13,Monmouth,SHREWSBURY PD,0,1,0,1,3,49,5,2020
13,Monmouth,SPRING LAKE HEIGHTS PD,0,1,0,2,1,9,0,2020
13,Monmouth,SPRING LAKE PD,0,0,0,0,4,42,6,2020
13,Monmouth,STATE POLICE MONMOUTH COUNTY,0,1,2,3,34,85,9,2020
13,Monmouth,TINTON FALLS PD,0,0,3,7,16,217,5,2020
13,Monmouth,UNION BEACH PD,0,0,0,6,3,1,0,2020
13,Monmouth,WALL TWP PD,0,0,4,8,37,172,17,2020
13,Monmouth,WEST LONG BRANCH PD,0,1,1,0,4,94,4,2020
14,Morris,BOONTON PD,0,0,2,3,30,65,5,2020
14,Morris,BOONTON TWP PD,0,2,0,0,6,14,3,2020
14,Morris,BUTLER BORO PD,0,0,0,1,1,33,3,2020
14,Morris,CHATHAM BORO PD,0,0,1,0,6,47,8,2020
14,Morris,CHATHAM TWP PD,0,0,0,0,8,25,9,2020
14,Morris,CHESTER BORO PD,0,0,0,0,1,5,1,2020
14,Morris,CHESTER TWP PD,0,0,0,1,8,22,4,2020
14,Morris,DENVILLE PD,0,0,1,1,8,41,7,2020
14,Morris,DOVER PD,1,2,7,14,19,72,10,2020
14,Morris,EAST HANOVER TWP PD,1,0,0,1,8,90,10,2020
14,Morris,FLORHAM PARK PD,0,0,0,1,19,45,3,2020
14,Morris,HANOVER TWP PD,0,1,2,3,7,130,10,2020
14,Morris,HARDING TWP PD,0,0,0,1,6,16,5,2020
14,Morris,JEFFERSON TWP PD,0,0,0,8,7,39,6,2020
14,Morris,KINNELON BORO PD,0,0,1,0,8,50,5,2020
14,Morris,LINCOLN PARK PD,0,0,0,5,6,40,2,2020
14,Morris,LONG HILL TWP PD,0,0,0,0,2,38,3,2020
14,Morris,MADISON PD,0,0,0,0,10,125,17,2020
14,Morris,MENDHAM BORO PD,0,0,0,0,9,15,7,2020
14,Morris,MENDHAM TWP PD,0,0,0,1,11,7,6,2020
14,Morris,MINE HILL TWP PD,0,0,0,1,1,11,1,2020
14,Morris,MONTVILLE TWP PD,0,1,1,1,25,119,20,2020
14,Morris,MORRIS CO PROSECUTOR' S OFFICE,0,0,0,1,0,0,0,2020
14,Morris,MORRIS CO SHERIFF'S DEPT,0,0,0,0,0,0,0,2020
14,Morris,MORRIS COUNTY PARK PD,0,0,0,0,1,16,0,2020
14,Morris,MORRIS PLAINS PD,0,1,1,4,4,48,2,2020
14,Morris,MORRIS TWP PD,0,0,0,8,15,92,10,2020
14,Morris,MORRISTOWN PD,0,1,3,26,15,119,7,2020
14,Morris,MOUNT ARLINGTON BORO PD,0,0,0,4,4,26,2,2020
14,Morris,MOUNT OLIVE TWP PD,0,4,0,8,10,85,9,2020
14,Morris,MOUNTAIN LAKES PD,0,0,0,0,12,26,6,2020
14,Morris,NETCONG BORO PD,0,0,1,0,2,11,0,2020
14,Morris,PARSIPPANY-TROY HILLS PD,2,2,5,17,32,213,24,2020
14,Morris,PEQUANNOCK PD,0,0,1,3,9,49,9,2020
14,Morris,RANDOLPH TWP PD,0,0,0,1,8,79,7,2020
14,Morris,RIVERDALE PD,0,0,0,0,2,131,0,2020
14,Morris,ROCKAWAY BORO PD,0,0,1,0,3,21,7,2020
14,Morris,ROCKAWAY TWP PD,0,0,3,3,10,161,10,2020
14,Morris,ROXBURY TWP PD,0,0,2,0,9,73,3,2020
14,Morris,STATE POLICE MORRIS COUNTY,0,1,0,5,2,6,3,2020
14,Morris,WASHINGTON TWP PD,0,4,1,9,4,64,5,2020
14,Morris,WHARTON BORO PD,0,0,2,6,2,63,5,2020
15,Ocean,BARNEGAT LIGHT BORO,0,0,0,0,1,5,0,2020
15,Ocean,BARNEGAT TWP PD,0,5,3,9,12,105,2,2020
15,Ocean,BAYHEAD BORO PD,0,0,0,0,0,13,4,2020
15,Ocean,BEACH HAVEN PD,0,0,0,0,5,89,0,2020
15,Ocean,BEACHWOOD BORO PD,0,0,1,7,4,38,0,2020
15,Ocean,BERKELEY TWP PD,1,10,3,16,34,191,7,2020
15,Ocean,BRICK TWP PD,1,9,7,44,112,551,23,2020
15,Ocean,HARVEY CEDARS BORO PD,0,0,0,0,0,1,0,2020
15,Ocean,ISLAND HEIGHTS BORO PD,0,0,0,2,1,4,0,2020
15,Ocean,JACKSON TWP PD,1,7,3,16,30,170,11,2020
15,Ocean,LACEY TWP PD,1,1,4,19,21,137,5,2020
15,Ocean,LAKEHURST BORO PD,0,1,1,3,3,13,0,2020
15,Ocean,LAKEWOOD PD,2,4,30,95,178,666,27,2020
15,Ocean,LAVALLETTE PD,0,0,0,1,0,18,1,2020
15,Ocean,LITTLE EGG HARBOR TWP PD,0,1,0,24,15,216,2,2020
15,Ocean,LONG BEACH TWP PD,0,0,0,4,8,56,1,2020
15,Ocean,MANCHESTER TWP PD,1,3,2,8,46,179,9,2020
15,Ocean,MANTOLOKING BORO PD,0,0,0,0,1,4,4,2020
15,Ocean,OCEAN CO PROSECUTOR'S OFFICE,0,0,0,0,0,0,0,2020
15,Ocean,OCEAN CO SHERIFF'S DEPT,0,0,0,2,1,1,0,2020
15,Ocean,OCEAN TWP PD,0,0,0,0,0,33,0,2020
15,Ocean,OCEANGATE BORO PD,0,0,0,0,6,13,0,2020
15,Ocean,PINE BEACH BORO PD,0,0,0,1,0,7,1,2020
15,Ocean,PLUMSTED TWP PD,0,1,0,0,10,28,2,2020
15,Ocean,POINT PLEASANT BEACH PD,0,0,0,6,17,55,12,2020
15,Ocean,POINT PLEASANT BORO PD,0,5,2,18,16,93,7,2020
15,Ocean,SEASIDE HEIGHTS PD,0,0,11,25,22,165,7,2020
15,Ocean,SEASIDE PARK PD,0,0,2,2,3,22,0,2020
15,Ocean,SHIP BOTTOM BORO PD,0,0,0,1,1,12,0,2020
15,Ocean,SOUTH TOMS RIVER PD,0,0,0,7,5,18,2,2020
15,Ocean,STAFFORD TWP PD,0,3,2,8,14,154,10,2020
15,Ocean,STATE POLICE OCEAN COUNTY,0,0,0,4,7,13,2,2020
15,Ocean,SURF CITY PD,0,1,0,0,0,15,4,2020
15,Ocean,TOMS RIVER TOWNSHIP,2,6,17,60,135,834,28,2020
15,Ocean,TUCKERTON BORO PD,0,1,0,12,1,11,2,2020
16,Passaic,BLOOMINGDALE BORO PD,0,1,0,0,3,23,1,2020
16,Passaic,CLIFTON PD,0,5,46,31,100,1140,94,2020
16,Passaic,HALEDON PD,0,3,1,8,13,89,12,2020
16,Passaic,HAWTHORNE PD,0,0,1,0,7,148,8,2020
16,Passaic,LITTLE FALLS PD,0,0,2,9,5,82,8,2020
16,Passaic,NORTH HALEDON PD,0,0,0,6,5,45,5,2020
16,Passaic,PASSAIC CO PROSECUTOR'S OFFICE,0,0,0,0,0,0,0,2020
16,Passaic,PASSAIC CO SHERIFF'S DEPT,0,0,0,0,0,0,0,2020
16,Passaic,PASSAIC PD,4,5,85,185,105,800,123,2020
16,Passaic,PATERSON PD,27,50,426,930,566,1342,252,2020
16,Passaic,POMPTON LAKES BORO PD,0,0,1,7,2,32,1,2020
16,Passaic,PROSPECT PARK BORO PD,0,1,3,2,14,79,5,2020
16,Passaic,RINGWOOD BORO PD,0,0,0,2,2,22,1,2020
16,Passaic,STATE POLICE PASSAIC COUNTY,0,0,0,2,0,2,3,2020
16,Passaic,TOTOWA BORO  PD,0,0,3,11,16,136,32,2020
16,Passaic,WANAQUE BORO PD,0,0,2,3,1,22,2,2020
16,Passaic,WAYNE PD,0,0,7,47,64,554,31,2020
16,Passaic,WEST MILFORD PD,0,2,1,8,7,83,3,2020
16,Passaic,WILLIAM PATERSON UNIVERSITY PD,0,2,0,1,2,24,0,2020
16,Passaic,WOODLAND PARK BORO PD,0,0,1,11,11,99,12,2020
17,Salem,CARNEY'S POINT PD,0,4,3,5,28,44,15,2020
17,Salem,ELMER BORO PD,0,0,0,0,4,4,0,2020
17,Salem,ELSINBORO TWP PD,0,0,0,0,1,1,1,2020
17,Salem,LOWER ALLOWAYS CREEK TWP PD,0,0,0,1,1,4,0,2020
17,Salem,PENNS GROVE PD,5,3,9,36,33,148,18,2020
17,Salem,PENNSVILLE PD,0,2,7,10,39,209,12,2020
17,Salem,SALEM CO PROSECUTOR'S OFFICE,0,0,0,0,0,0,0,2020
17,Salem,SALEM CO SHERIFF'S DEPT,0,0,0,0,0,0,0,2020
17,Salem,SALEM PD,11,11,27,47,53,87,18,2020
17,Salem,STATE POLICE SALEM COUNTY,0,4,7,7,54,99,12,2020
17,Salem,WOODSTOWN BORO PD,0,0,0,0,10,19,1,2020
18,Somerset,BEDMINSTER TWP PD,0,0,0,0,2,26,4,2020
18,Somerset,BERNARDS TWP PD,0,0,0,0,9,57,16,2020
18,Somerset,BERNARDSVILLE PD,0,0,0,0,10,39,7,2020
18,Somerset,BOUND BROOK PD,0,0,0,5,13,76,5,2020
18,Somerset,BRANCHBURG TWP PD,0,2,0,3,4,67,5,2020
18,Somerset,BRIDGEWATER TWP PD,1,0,3,2,47,210,23,2020
18,Somerset,FAR HILLS PD,0,0,0,0,1,4,2,2020
18,Somerset,FRANKLIN TWP PD,3,3,17,23,64,537,47,2020
18,Somerset,GREEN BROOK PD,0,0,1,0,6,30,13,2020
18,Somerset,HILLSBOROUGH TWP PD,0,8,4,7,31,132,10,2020
18,Somerset,MANVILLE PD,0,5,4,2,7,95,7,2020
18,Somerset,MONTGOMERY TWP PD,0,1,0,8,42,35,7,2020
18,Somerset,NORTH PLAINFIELD PD,0,2,17,6,23,265,14,2020
18,Somerset,PEAPACK-GLADSTONE PD,0,0,0,0,7,13,1,2020
18,Somerset,RARITAN PD,0,0,0,2,5,48,7,2020
18,Somerset,SOMERSET CO PROSECUTOR'S OFFICE,0,0,0,0,0,0,0,2020
18,Somerset,SOMERSET CO SHERIFF'S DEPT,0,0,0,2,0,0,0,2020
18,Somerset,SOMERVILLE PD,0,0,0,2,5,87,15,2020
18,Somerset,SOUTH BOUND BROOK PD,0,0,1,1,2,27,1,2020
18,Somerset,STATE POLICE SOMERSET COUNTY,0,0,0,1,1,2,2,2020
18,Somerset,WARREN TWP PD,0,0,1,0,15,30,12,2020
18,Somerset,WATCHUNG PD,0,0,0,0,11,257,3,2020
19,Sussex,ANDOVER TWP PD,0,0,0,3,2,14,0,2020
19,Sussex,BYRAM TWP PD,1,0,0,2,3,23,3,2020
19,Sussex,FRANKLIN BORO PD,0,1,0,4,2,34,1,2020
19,Sussex,HAMBURG PD,0,0,0,1,1,8,0,2020
19,Sussex,HARDYSTON TWP POLICE DEPT,0,0,0,2,8,24,1,2020
19,Sussex,HOPATCONG PD,1,3,0,11,5,21,2,2020
19,Sussex,NEWTON PD,0,4,1,1,6,29,2,2020
19,Sussex,OGDENSBURG PD,0,0,0,1,2,8,0,2020
19,Sussex,SPARTA PD,0,0,0,4,2,14,2,2020
19,Sussex,STANHOPE PD,0,0,0,0,1,9,2,2020
19,Sussex,STATE POLICE SUSSEX COUNTY,0,9,0,9,53,130,14,2020
19,Sussex,SUSSEX CO PROSECUTOR'S OFFICE,0,0,0,0,0,0,0,2020
19,Sussex,SUSSEX CO SHERIFF'S DEPT,0,0,0,0,0,0,0,2020
19,Sussex,VERNON TWP PD,0,0,0,1,11,73,5,2020
20,Union,BERKELEY HEIGHTS PD,0,0,0,0,3,25,6,2020
20,Union,CLARK PD,0,1,1,8,0,125,12,2020
20,Union,CRANFORD PD,0,1,0,2,3,105,6,2020
20,Union,ELIZABETH PD,17,44,282,431,268,1931,698,2020
20,Union,FANWOOD PD,0,0,0,2,11,25,3,2020
20,Union,GARWOOD PD,0,0,0,0,1,15,1,2020
20,Union,HILLSIDE PD,1,6,21,34,41,423,71,2020
20,Union,KEAN UNIVERSITY PD,0,1,0,0,2,15,0,2020
20,Union,KENILWORTH PD,0,2,1,2,13,68,14,2020
20,Union,LINDEN PD,5,15,16,106,109,888,109,2020
20,Union,MOUNTAINSIDE PD,0,0,0,0,6,25,8,2020
20,Union,NEW PROVIDENCE PD,0,0,2,1,0,45,10,2020
20,Union,PLAINFIELD PD,7,4,75,142,84,582,67,2020
20,Union,RAHWAY PD,1,2,14,26,27,134,40,2020
20,Union,ROSELLE PARK PD,0,1,2,2,9,97,4,2020
20,Union,ROSELLE PD,0,1,8,25,23,174,34,2020
20,Union,SCOTCH PLAINS PD,0,1,1,3,67,82,15,2020
20,Union,SPRINGFIELD TWP PD,0,1,5,7,17,119,14,2020
20,Union,STATE POLICE UNION COUNTY,0,1,1,3,0,0,0,2020
20,Union,SUMMIT PD,0,2,0,2,15,156,31,2020
20,Union,UNION CO PD,0,2,2,10,0,31,0,2020
20,Union,UNION CO PROSECUTOR'S OFFICE,0,0,0,0,0,0,0,2020
20,Union,UNION CO SHERIFF'S OFFICE,0,0,0,0,0,0,0,2020
20,Union,UNION TWP PD,0,3,21,32,34,626,61,2020
20,Union,WESTFIELD PD,0,0,3,5,11,136,25,2020
20,Union,WINFIELD PD,0,1,0,0,1,5,0,2020
21,Warren,ALPHA PD,0,0,0,1,0,10,1,2020
21,Warren,BELVIDERE PD,0,0,0,0,5,37,2,2020
21,Warren,BLAIRSTOWN TWP PD,0,2,0,7,5,19,1,2020
21,Warren,GREENWICH TWP PD,0,0,1,1,9,87,3,2020
21,Warren,HACKETTSTOWN PD,0,0,1,5,4,35,2,2020
21,Warren,INDEPENDENCE TWP PD,0,0,0,2,2,6,1,2020
21,Warren,LOPATCONG TWP PD,0,0,0,1,10,62,6,2020
21,Warren,MANSFIELD TWP PD,0,0,0,0,6,58,1,2020
21,Warren,OXFORD TWP PD,0,0,0,0,1,10,0,2020
21,Warren,PHILLIPSBURG PD,0,11,8,19,30,189,15,2020
21,Warren,POHATCONG PD,0,0,1,1,39,172,1,2020
21,Warren,STATE POLICE WARREN COUNTY,0,1,2,8,14,59,6,2020
21,Warren,WARREN CO PROSECUTOR'S OFFICE,0,0,0,0,0,0,0,2020
21,Warren,WARREN CO SHERIFF'S DEPT,0,0,0,0,0,0,0,2020
21,Warren,WASHINGTON BORO PD,0,0,0,2,15,37,1,2020
21,Warren,WASHINGTON TWP PD,0,0,0,1,6,43,2,2020
1,Atlantic,ABSECON CITY PD,0,1,2,5,24,207,5,2019
1,Atlantic,ATLANTIC CITY PD,11,29,182,101,130,1519,89,2019
1,Atlantic,ATLANTIC CO SHERIFF'S  OFFICE,0,0,0,0,0,0,0,2019
1,Atlantic,ATLANTIC COUNTY PROSECUTOR'S OFFICE,0,0,0,0,0,0,0,2019
1,Atlantic,BRIGANTINE PD,0,0,0,1,31,129,5,2019
1,Atlantic,BUENA PD,0,1,0,3,16,28,3,2019
1,Atlantic,EGG HARBOR CITY PD,0,1,11,9,42,144,9,2019
1,Atlantic,EGG HARBOR TWP PD,0,0,10,42,91,558,23,2019
1,Atlantic,GALLOWAY TWP PD,0,2,2,58,94,252,21,2019
1,Atlantic,HAMILTON TWP PD,0,1,21,27,91,641,37,2019
1,Atlantic,HAMMONTON PD,0,1,4,20,25,78,12,2019
1,Atlantic,LINWOOD CITY PD,0,0,0,2,10,78,4,2019
1,Atlantic,LONGPORT PD,0,0,0,1,3,7,0,2019
1,Atlantic,MARGATE PD,0,0,2,4,55,84,1,2019
1,Atlantic,MULLICA TWP PD,0,0,1,1,22,43,6,2019
1,Atlantic,NORTHFIELD PD,0,0,0,4,13,66,7,2019
1,Atlantic,PLEASANTVILLE PD,1,4,26,34,90,156,25,2019
1,Atlantic,SOMERS POINT PD,0,2,2,7,22,229,9,2019
1,Atlantic,SP: ATLANTIC COUNTY,1,2,7,9,31,630,11,2019
1,Atlantic,STOCKTON UNIVERSITY,0,1,0,1,1,43,0,2019
1,Atlantic,VENTNOR PD,0,4,2,9,66,282,16,2019
2,Bergen,ALLENDALE PD,0,0,0,0,8,26,4,2019
2,Bergen,ALPINE PD,0,0,0,1,4,2,9,2019
2,Bergen,BERGEN CO PROSECUTOR'S OFFICE,0,0,0,0,0,0,0,2019
2,Bergen,BERGEN CO SHERIFF'S DEPT,0,2,0,0,2,44,0,2019
2,Bergen,BERGENFIELD PD,1,1,0,13,11,62,2,2019
2,Bergen,BOGOTA PD,0,0,2,0,5,26,2,2019
2,Bergen,CARLSTADT PD,0,0,2,6,4,61,8,2019
2,Bergen,CLIFFSIDE PARK PD,0,1,5,12,8,94,0,2019
2,Bergen,CLOSTER PD,0,1,0,4,0,39,4,2019
2,Bergen,CRESSKILL PD,0,1,1,0,6,18,4,2019
2,Bergen,DEMAREST PD,0,0,0,2,4,5,3,2019
2,Bergen,DUMONT PD,0,0,1,5,2,52,0,2019
2,Bergen,EAST RUTHERFORD PD,0,0,2,2,9,106,12,2019
2,Bergen,EDGEWATER PD,0,1,2,1,13,142,5,2019
2,Bergen,ELMWOOD PARK PD,0,0,12,13,37,215,22,2019
2,Bergen,EMERSON PD,0,0,0,1,2,25,4,2019
2,Bergen,ENGLEWOOD CLIFFS PD,0,0,0,1,27,12,9,2019
2,Bergen,ENGLEWOOD PD,2,10,18,41,64,257,22,2019
2,Bergen,FAIR LAWN PD,0,0,1,6,32,187,17,2019
2,Bergen,FAIRVIEW PD,1,1,11,14,38,104,10,2019
2,Bergen,FORT LEE PD,0,2,6,17,57,238,27,2019
2,Bergen,FRANKLIN LAKES BORO PD,0,0,1,4,4,44,11,2019
2,Bergen,GARFIELD PD,1,9,16,25,58,532,30,2019
2,Bergen,GLEN ROCK PD,0,0,0,0,13,43,4,2019
2,Bergen,HACKENSACK PD,1,6,15,81,54,506,34,2019
2,Bergen,HARRINGTON PARK PD,0,0,0,0,0,4,1,2019
2,Bergen,HASBROUCK HEIGHTS PD,0,0,0,3,3,60,0,2019
2,Bergen,HAWORTH PD,0,0,0,1,2,3,3,2019
2,Bergen,HILLSDALE PD,0,0,0,2,4,40,1,2019
2,Bergen,HO-HO-KUS PD,0,0,0,0,7,11,2,2019
2,Bergen,LEONIA PD,0,1,0,2,11,38,2,2019
2,Bergen,LITTLE FERRY PD,1,0,2,6,12,55,16,2019
2,Bergen,LODI PD,0,2,6,27,31,200,42,2019
2,Bergen,LYNDHURST PD,0,0,6,7,5,127,18,2019
2,Bergen,MAHWAH TWP PD,0,3,0,5,10,90,15,2019
2,Bergen,MAYWOOD PD,0,0,2,4,7,54,1,2019
2,Bergen,MIDLAND PARK PD,0,0,0,2,0,34,4,2019
2,Bergen,MONTVALE PD,0,0,0,1,1,24,1,2019
2,Bergen,MOONACHIE PD,0,0,0,0,1,26,1,2019
2,Bergen,NEW MILFORD PD,0,0,0,1,8,53,3,2019
2,Bergen,NORTH ARLINGTON PD,0,0,6,13,9,132,17,2019
2,Bergen,NORTHVALE PD,0,0,0,0,0,8,1,2019
2,Bergen,NORWOOD PD,0,1,0,0,6,10,3,2019
2,Bergen,OAKLAND PD,0,0,1,4,5,46,2,2019
2,Bergen,OLD TAPPAN PD,0,0,0,0,2,6,4,2019
2,Bergen,ORADELL PD,0,0,0,2,7,13,1,2019
2,Bergen,PALISADES INTER. PARKWAY PD,0,0,0,1,0,1,0,2019
2,Bergen,PALISADES PARK PD,0,1,4,11,19,81,6,2019
2,Bergen,PARAMUS PD,0,2,8,34,24,871,24,2019
2,Bergen,PARK RIDGE PD,0,0,1,0,2,6,1,2019
2,Bergen,RAMSEY PD,0,0,2,1,3,155,3,2019
2,Bergen,RIDGEFIELD BORO PD,0,0,0,6,3,38,8,2019
2,Bergen,RIDGEFIELD PARK PD,0,0,2,5,6,108,10,2019
2,Bergen,RIDGEWOOD VILLAGE PD,0,0,2,11,22,108,13,2019
2,Bergen,RIVER EDGE PD,0,1,1,0,7,62,3,2019
2,Bergen,RIVER VALE PD,0,0,0,0,1,18,1,2019
2,Bergen,ROCHELLE PARK PD,0,0,3,1,11,53,2,2019
2,Bergen,ROCKLEIGH BOROUGH,0,0,0,0,0,2,0,2019
2,Bergen,RUTHERFORD PD,0,2,2,8,20,145,16,2019
2,Bergen,SADDLE BROOK PD,0,0,1,0,5,214,1,2019
2,Bergen,SADDLE RIVER PD,0,0,0,2,5,22,3,2019
2,Bergen,SOUTH HACKENSACK PD,1,0,3,9,5,31,7,2019
2,Bergen,STATE POLICE BERGEN COUNTY,0,0,1,8,6,47,6,2019
2,Bergen,TEANECK PD,1,11,12,32,49,304,11,2019
2,Bergen,TENAFLY PD,0,0,1,0,14,63,12,2019
2,Bergen,TETERBORO BOROUGH,0,0,0,0,0,99,3,2019
2,Bergen,UPPER SADDLE RIVER PD,0,0,0,2,4,14,9,2019
2,Bergen,WALDWICK PD,0,0,0,2,5,48,4,2019
2,Bergen,WALLINGTON PD,0,0,2,7,6,124,13,2019
2,Bergen,WASHINGTON TWP PD,0,0,0,1,1,14,4,2019
2,Bergen,WESTWOOD PD,0,0,0,0,23,49,3,2019
2,Bergen,WOODCLIFF LAKE PD,0,0,1,1,4,25,0,2019
2,Bergen,WOOD-RIDGE PD,0,0,0,1,1,43,1,2019
2,Bergen,WYCKOFF TWP PD,0,2,0,3,10,64,7,2019
3,Burlington,BEVERLY CITY PD,0,0,1,10,9,20,6,2019
3,Burlington,BORDENTOWN CITY PD,0,0,1,1,1,24,1,2019
3,Burlington,BORDENTOWN TWP  PD,0,0,0,11,3,53,10,2019
3,Burlington,BURLINGTON CITY PD,2,2,14,33,40,94,16,2019
3,Burlington,BURLINGTON CO PROSECUTORS OFFICE,0,0,0,0,0,0,0,2019
3,Burlington,BURLINGTON COUNTY SHERIFF'S OFFICE,0,0,0,0,0,0,0,2019
3,Burlington,BURLINGTON TWP PD,0,7,6,18,30,210,21,2019
3,Burlington,CHESTERFIELD TWP PD,0,0,0,3,0,6,0,2019
3,Burlington,CINNAMINSON PD,0,2,3,11,28,310,14,2019
3,Burlington,DELANCO TWP PD,0,1,0,1,3,46,4,2019
3,Burlington,DELRAN TWP PD,0,0,3,5,23,182,7,2019
3,Burlington,EASTAMPTON TWP PD,0,2,1,0,12,34,4,2019
3,Burlington,EDGEWATER PARK TWP PD,1,4,3,8,28,88,16,2019
3,Burlington,EVESHAM TWP PD,0,5,8,16,55,440,15,2019
3,Burlington,FIELDSBORO PD,0,0,0,0,0,2,0,2019
3,Burlington,FLORENCE TWP PD,0,7,2,8,25,51,5,2019
3,Burlington,LUMBERTON TWP PD,0,2,4,16,11,153,10,2019
3,Burlington,MANSFIELD TWP PD,0,0,3,5,10,26,10,2019
3,Burlington,MAPLE SHADE PD,1,8,17,28,41,272,31,2019
3,Burlington,MEDFORD LAKES PD,0,0,0,3,4,12,0,2019
3,Burlington,MEDFORD TWP PD,0,4,1,14,30,101,3,2019
3,Burlington,MOORESTOWN PD,0,3,4,11,24,166,10,2019
3,Burlington,MOUNT HOLLY PD,0,8,7,12,20,163,7,2019
3,Burlington,MOUNT LAUREL TWP PD,1,15,17,24,45,524,28,2019
3,Burlington,NEW HANOVER TWP PD,0,0,0,1,0,0,0,2019
3,Burlington,NORTH HANOVER TWP PD,0,0,0,3,3,13,2,2019
3,Burlington,PALMYRA BORO PD,1,1,0,6,17,100,3,2019
3,Burlington,PEMBERTON BORO PD,0,0,2,1,9,19,0,2019
3,Burlington,PEMBERTON TWP PD,1,2,11,58,114,299,22,2019
3,Burlington,RIVERSIDE PD,0,1,1,12,4,31,1,2019
3,Burlington,RIVERTON BORO PD,0,0,0,0,2,23,0,2019
3,Burlington,SPRINGFIELD TWP PD,0,0,0,2,1,15,2,2019
3,Burlington,STATE POLICE BURLINGTON COUNTY,0,3,2,15,47,195,12,2019
3,Burlington,WESTAMPTON TWP PD,0,9,6,15,17,131,11,2019
3,Burlington,WILLINGBORO PD,5,13,25,59,114,274,33,2019
4,Camden,AUDUBON PARK PD,0,0,0,1,0,5,0,2019
4,Camden,AUDUBON PD,0,0,2,3,21,268,7,2019
4,Camden,BARRINGTON PD,0,1,1,1,8,49,5,2019
4,Camden,BELLMAWR PD,0,0,2,11,28,97,8,2019
4,Camden,BERLIN BORO PD,0,0,2,8,21,100,5,2019
4,Camden,BERLIN TWP PD,0,0,3,0,11,111,4,2019
4,Camden,BROOKLAWN PD,0,1,5,10,13,134,2,2019
4,Camden,CAMDEN CO PROSECUTOR'S OFFICE,0,0,0,0,0,0,0,2019
4,Camden,CAMDEN CO SHERIFF'S DEPT,0,0,0,2,4,38,2,2019
4,Camden,CAMDEN PD,25,67,302,765,372,1194,535,2019
4,Camden,CHERRY HILL TWP PD,0,0,30,29,148,1497,49,2019
4,Camden,CHESILHURST PD,0,0,0,4,20,19,4,2019
4,Camden,CLEMENTON BORO PD,0,0,8,5,43,83,6,2019
4,Camden,COLLINGSWOOD PD,1,0,6,9,53,322,18,2019
4,Camden,DELAWARE RIVER PORT AUTHORITY,0,2,4,27,0,40,1,2019
4,Camden,GIBBSBORO PD,0,0,0,1,4,17,2,2019
4,Camden,GLOUCESTER CITY PD,2,1,3,14,41,230,10,2019
4,Camden,GLOUCESTER TWP PD,1,9,18,35,67,789,24,2019
4,Camden,HADDON HEIGHTS PD,0,0,1,2,12,39,3,2019
4,Camden,HADDON TWP PD,0,1,19,13,26,250,12,2019
4,Camden,HADDONFIELD PD,0,0,2,3,13,119,3,2019
4,Camden,HI-NELLA POLICE DEPARTMENT,0,0,0,2,0,4,0,2019
4,Camden,LAUREL SPRINGS PD,0,0,1,1,6,12,1,2019
4,Camden,LAWNSIDE BORO PD,0,0,0,6,10,92,2,2019
4,Camden,LINDENWOLD BORO PD,0,16,50,57,124,334,34,2019
4,Camden,MAGNOLIA PD,0,0,5,8,26,46,4,2019
4,Camden,MERCHANTVILLE PD,0,0,0,4,9,48,2,2019
4,Camden,MT. EPHRAIM PD,0,0,1,4,7,169,3,2019
4,Camden,OAKLYN BORO PD,0,1,1,3,39,83,5,2019
4,Camden,PENNSAUKEN TWP PD,1,2,41,67,197,578,73,2019
4,Camden,PINE HILL PD,0,1,4,25,29,110,4,2019
4,Camden,PINE VALLEY BORO PD,0,0,0,0,0,0,0,2019
4,Camden,RUNNEMEDE PD,0,0,0,7,24,112,8,2019
4,Camden,RUTGERS UNIV CAMPUS PD,0,0,1,1,1,79,1,2019
4,Camden,SOMERDALE PD,0,0,2,10,23,236,4,2019
4,Camden,STATE POLICE CAMDEN COUNTY,0,1,0,8,0,13,5,2019
4,Camden,STRATFORD BORO PD,0,1,6,3,8,51,1,2019
4,Camden,VOORHEES TWP PD,0,0,10,20,34,309,9,2019
4,Camden,WATERFORD TWP PD,0,3,1,8,6,48,0,2019
4,Camden,WINSLOW TWP PD,0,3,13,51,99,345,48,2019
4,Camden,WOODLYNNE PD,0,0,3,9,5,45,5,2019
5,Cape May,AVALON BORO PD,0,0,0,5,12,145,0,2019
5,Cape May,CAPE MAY CITY PD,0,1,0,3,3,86,5,2019
5,Cape May,CAPE MAY CO PROSECUTOR'S OFFICE,0,0,0,0,0,0,0,2019
5,Cape May,CAPE MAY CO SHERIFF'S OFFICE,0,0,0,0,0,1,0,2019
5,Cape May,CAPE MAY POINT BORO PD,0,0,0,0,3,1,0,2019
5,Cape May,LOWER TWP PD,0,10,2,29,30,113,6,2019
5,Cape May,MIDDLE TWSP PD,0,6,7,21,54,232,17,2019
5,Cape May,NORTH WILDWOOD CITY PD,0,1,1,4,12,131,1,2019
5,Cape May,OCEAN CITY PD,0,0,2,4,37,285,1,2019
5,Cape May,SEA ISLE CITY PD,0,0,0,0,16,73,0,2019
5,Cape May,STATE POLICE CAPE MAY COUNTY,0,3,3,8,38,91,10,2019
5,Cape May,STONE HARBOR BORO PD,0,0,0,2,14,91,1,2019
5,Cape May,WEST CAPE MAY BORO PD,0,1,0,0,4,7,0,2019
5,Cape May,WEST WILDWOOD BORO PD,0,0,0,2,2,7,0,2019
5,Cape May,WILDWOOD CREST BORO PD,0,2,0,15,19,44,0,2019
5,Cape May,WILDWOOD PD,0,0,8,21,47,267,4,2019
6,Cumberland,BRIDGETON PD,2,17,114,90,261,549,38,2019
6,Cumberland,CUMBERLAND CO PROSECUTOR'S OFFICE,0,0,0,0,0,0,0,2019
6,Cumberland,CUMBERLAND CO SHERIFF'S DEPT,0,0,0,0,0,1,0,2019
6,Cumberland,MILLVILLE PD,2,14,50,64,154,925,28,2019
6,Cumberland,STATE POLICE CUMBERLAND COUNTY,2,9,16,40,132,253,20,2019
6,Cumberland,VINELAND PD,1,32,55,123,269,1375,42,2019
7,Essex,BELLEVILLE PD,1,9,24,44,70,351,87,2019
7,Essex,BLOOMFIELD PD,0,0,11,21,58,447,61,2019
7,Essex,CALDWELL PD,0,1,0,6,15,41,1,2019
7,Essex,CEDAR GROVE PD,0,0,1,5,4,50,2,2019
7,Essex,EAST ORANGE PD,3,26,102,144,151,581,162,2019
7,Essex,ESSEX CO PROSECUTOR'S OFFICE,0,0,0,0,0,0,0,2019
7,Essex,ESSEX CO SHERIFF'S OFFICE,0,9,35,87,5,127,3,2019
7,Essex,ESSEX COUNTY COLLEGE PD,0,0,0,0,0,24,0,2019
7,Essex,ESSEX FELLS PD,0,0,0,0,2,10,4,2019
7,Essex,FAIRFIELD PD,0,0,0,0,8,158,11,2019
7,Essex,GLEN RIDGE PD,0,2,0,2,21,82,5,2019
7,Essex,IRVINGTON PD,7,17,190,66,178,565,273,2019
7,Essex,LIVINGSTON PD,0,3,1,2,26,301,26,2019
7,Essex,MAPLEWOOD PD,2,3,13,4,22,365,48,2019
7,Essex,MILLBURN PD,0,0,5,1,23,374,37,2019
7,Essex,MONTCLAIR PD,1,9,17,31,106,335,35,2019
7,Essex,MONTCLAIR STATE COLLEGE PD,0,3,0,1,4,100,1,2019
7,Essex,NEW JERSEY INSTITUTE OF TECHNOLOGY,0,3,2,3,4,64,4,2019
7,Essex,NEW JERSEY TRANSIT POLICE,0,0,3,13,0,289,6,2019
7,Essex,NEWARK PD,57,120,636,929,721,2356,1541,2019
7,Essex,NORTH CALDWELL PD,0,1,0,4,10,8,4,2019
7,Essex,NUTLEY PD,0,0,6,22,26,117,21,2019
7,Essex,ORANGE PD,4,13,96,77,140,337,158,2019
7,Essex,ROSELAND PD,0,0,0,2,0,26,8,2019
7,Essex,RUTGERS NEWARK CAMPUS,0,3,5,7,2,190,5,2019
7,Essex,SOUTH ORANGE PD,0,0,9,4,21,233,25,2019
7,Essex,STATE POLICE ESSEX COUNTY,0,0,0,5,3,6,4,2019
7,Essex,VERONA PD,0,0,0,1,5,39,5,2019
7,Essex,WEST CALDWELL PD,0,1,0,1,7,42,5,2019
7,Essex,WEST ORANGE PD,0,17,16,59,80,532,61,2019
8,Gloucester,CLAYTON PD,0,2,1,10,16,65,4,2019
8,Gloucester,DEPTFORD TWP PD,0,4,18,18,122,1024,28,2019
8,Gloucester,EAST GREENWICH TWP PD,0,0,0,0,16,82,5,2019
8,Gloucester,ELK TWP PD,0,0,0,0,8,25,6,2019
8,Gloucester,FRANKLIN TWP PD,0,1,2,12,32,123,14,2019
8,Gloucester,GLASSBORO PD,0,5,3,23,83,205,15,2019
8,Gloucester,GLOUCESTER CO PROSECUTOR'S OFFICE,0,0,0,0,0,0,0,2019
8,Gloucester,GLOUCESTER CO SHERIFF'S DEPT,0,0,0,0,0,0,0,2019
8,Gloucester,GREENWICH TWP PD,0,1,0,1,6,50,2,2019
8,Gloucester,HARRISON TWP PD,0,0,0,1,8,45,4,2019
8,Gloucester,LOGAN TWP PD,0,1,2,2,13,85,7,2019
8,Gloucester,MANTUA TWP PD,0,0,0,3,30,169,13,2019
8,Gloucester,MONROE TWP PD,1,1,12,12,88,313,24,2019
8,Gloucester,NATIONAL PARK PD,1,0,0,2,8,15,0,2019
8,Gloucester,NEWFIELD PD,0,0,0,2,2,5,1,2019
8,Gloucester,PAULSBORO PD,0,0,5,9,23,79,12,2019
8,Gloucester,PITMAN PD,0,0,2,2,12,42,1,2019
8,Gloucester,ROWAN UNIVERSITY OF NJ,0,2,1,3,11,78,2,2019
8,Gloucester,SOUTH HARRISON PD,0,0,0,1,1,11,1,2019
8,Gloucester,STATE POLICE GLOUCESTER COUNTY,0,0,1,5,1,4,2,2019
8,Gloucester,SWEDESBORO PD,0,0,0,0,4,31,1,2019
8,Gloucester,WASHINGTON TWP PD,0,2,3,67,91,543,18,2019
8,Gloucester,WENONAH PD,0,0,0,1,5,27,0,2019
8,Gloucester,WEST DEPTFORD TWP PD,0,1,7,8,57,167,20,2019
8,Gloucester,WESTVILLE PD,0,1,1,7,29,84,7,2019
8,Gloucester,WOODBURY CITY PD,0,1,4,23,46,241,12,2019
8,Gloucester,WOODBURY HEIGHTS PD,0,0,1,0,7,42,4,2019
8,Gloucester,WOOLWICH TWP PD,0,1,1,0,5,45,4,2019
9,Hudson,BAYONNE PD,2,11,52,80,120,519,65,2019
9,Hudson,EAST NEWARK PD,0,0,1,0,3,18,3,2019
9,Hudson,GUTTENBERG PD,0,0,13,14,12,53,6,2019
9,Hudson,HARRISON PD,0,5,14,28,49,262,30,2019
9,Hudson,HOBOKEN PD,0,2,14,63,73,562,31,2019
9,Hudson,HUDSON CO PROSECUTOR' OFF - S/FORCE,0,0,0,0,0,0,0,2019
9,Hudson,HUDSON CO SHERIFF'S DEPT,0,0,0,0,0,0,0,2019
9,Hudson,JERSEY CITY PD,13,81,431,868,890,3514,670,2019
9,Hudson,KEARNY PD,0,0,13,41,36,541,84,2019
9,Hudson,NORTH BERGEN PD,1,16,17,56,54,306,44,2019
9,Hudson,PORT AUTHORITY OF NY AND NJ,0,0,14,37,9,578,25,2019
9,Hudson,SECAUCUS PD,0,3,11,27,31,466,19,2019
9,Hudson,STATE POLICE HUDSON COUNTY,0,0,0,2,0,3,2,2019
9,Hudson,STEVENS INSTITUTE OF TECHNOLOGY,0,2,0,0,1,16,0,2019
9,Hudson,UNION CITY PD,0,12,52,129,101,891,88,2019
9,Hudson,WEEHAWKEN PD,0,5,4,13,41,178,12,2019
9,Hudson,WEST NEW YORK PD,1,13,58,56,85,580,27,2019
10,Hunterdon,CALIFON BOROUGH,0,0,0,0,1,1,1,2019
10,Hunterdon,CLINTON TOWN PD,0,1,0,3,1,11,0,2019
10,Hunterdon,CLINTON TWP PD,0,0,0,2,12,18,3,2019
10,Hunterdon,DELAWARE TWP PD,0,0,0,0,0,6,1,2019
10,Hunterdon,FLEMINGTON PD,0,1,0,9,9,47,2,2019
10,Hunterdon,FRANKLIN TWP PD,0,0,0,0,1,7,0,2019
10,Hunterdon,FRENCHTOWN BORO PD,0,0,0,0,0,3,0,2019
10,Hunterdon,HIGH BRIDGE BORO PD,0,0,0,1,3,21,1,2019
10,Hunterdon,HOLLAND TWP PD,0,1,0,1,4,4,1,2019
10,Hunterdon,HUNTERDON CO PROSECUTOR' OFFICE,0,0,0,0,0,0,0,2019
10,Hunterdon,HUNTERDON CO SHERIFF'S DEPT,0,0,0,0,0,0,0,2019
10,Hunterdon,LAMBERTVILLE CITY PD,0,1,0,0,2,24,0,2019
10,Hunterdon,LEBANON TWP PD,0,0,0,2,3,12,2,2019
10,Hunterdon,RARITAN TWP PD,0,0,1,7,7,55,2,2019
10,Hunterdon,READINGTON PD,0,1,0,10,15,40,6,2019
10,Hunterdon,STATE POLICE HUNTERDON COUNTY,1,2,1,10,16,66,10,2019
10,Hunterdon,TEWKSBURY TWP PD,0,0,0,2,6,14,3,2019
10,Hunterdon,WEST AMWELL TWP PD,0,0,0,1,3,23,1,2019
11,Mercer,COLLEGE OF NEW JERSEY,0,3,0,1,3,48,4,2019
11,Mercer,DEPT OF CORRECTIONS,3,0,0,77,0,0,0,2019
11,Mercer,EAST WINDSOR TWP PD,1,1,4,10,17,151,14,2019
11,Mercer,EWING TWP PD,0,4,20,36,76,385,46,2019
11,Mercer,HAMILTON TWP PD,1,20,47,54,264,1215,106,2019
11,Mercer,HIGHTSTOWN PD,0,3,1,2,2,19,1,2019
11,Mercer,HOPEWELL BOROUGH,0,0,0,0,2,10,1,2019
11,Mercer,HOPEWELL TWP PD,0,1,0,6,14,55,4,2019
11,Mercer,LAWRENCE TWP PD,0,10,11,24,83,388,22,2019
11,Mercer,MERCER CO PROSECUTOR' OFF/ID UNIT,0,0,0,0,0,0,0,2019
11,Mercer,MERCER CO SHERIFF'S DEPT,0,0,0,2,1,6,7,2019
11,Mercer,NJ DEPARTMENT OF HUMAN SERVICES,0,2,0,43,1,23,0,2019
11,Mercer,NJ DIV CRIMINAL JUSTICE - TRENTON,0,0,0,2,0,0,0,2019
11,Mercer,NJ DIVISION OF FISH & WILDLIFE,0,0,0,0,1,6,0,2019
11,Mercer,NJ PARK POLICE,0,0,0,5,3,13,2,2019
11,Mercer,PENNINGTON BORO PD,0,0,0,0,1,5,2,2019
11,Mercer,PRINCETON PD,0,1,0,9,45,190,3,2019
11,Mercer,PRINCETON UNIVERSITY POLICE,0,0,1,1,5,179,37,2019
11,Mercer,ROBBINSVILLE TOWNSHIP POLICE,0,2,0,0,6,43,2,2019
11,Mercer,STATE POLICE,0,0,0,0,0,0,0,2019
11,Mercer,STATE POLICE MERCER COUNTY,0,1,1,6,5,21,1,2019
11,Mercer,TRENTON PD,15,70,300,552,360,1142,246,2019
11,Mercer,WEST WINDSOR TWP PD,0,0,4,7,46,259,5,2019
12,Middlesex,CARTERET PD,0,5,11,16,40,201,24,2019
12,Middlesex,CRANBURY TWP PD,0,0,0,3,6,25,3,2019
12,Middlesex,DUNELLEN PD,0,3,2,9,9,105,8,2019
12,Middlesex,EAST BRUNSWICK TWP PD,0,6,9,12,35,491,4,2019
12,Middlesex,EDISON TWP PD,1,9,19,55,138,1143,90,2019
12,Middlesex,HELMETTA PD,0,0,0,0,2,7,1,2019
12,Middlesex,HIGHLAND PARK PD,0,5,2,7,33,181,8,2019
12,Middlesex,JAMESBURG PD,2,1,2,5,3,15,1,2019
12,Middlesex,METUCHEN PD,0,0,4,7,31,124,10,2019
12,Middlesex,MIDDLESEX BORO PD,0,0,2,4,4,47,4,2019
12,Middlesex,MIDDLESEX CO COLLEGE PD,0,0,0,0,0,14,0,2019
12,Middlesex,MIDDLESEX CO PROSECUTOR'S OFFICE,0,0,0,0,0,0,0,2019
12,Middlesex,MIDDLESEX CO SHERIFF'S DEPT,0,0,0,0,0,0,0,2019
12,Middlesex,MILLTOWN PD,0,0,2,0,2,80,2,2019
12,Middlesex,MONROE TWP PD,0,0,0,19,18,89,9,2019
12,Middlesex,NEW BRUNSWICK PD,3,11,96,152,223,823,65,2019
12,Middlesex,NORTH BRUNSWICK TWP PD,0,4,17,40,52,517,36,2019
12,Middlesex,OLD BRIDGE TWP PD,2,1,12,24,60,378,39,2019
12,Middlesex,PERTH AMBOY PD,0,2,30,115,110,511,76,2019
12,Middlesex,PISCATAWAY TWP PD,0,7,5,35,45,376,22,2019
12,Middlesex,PLAINSBORO TWP PD,1,0,0,8,12,135,4,2019
12,Middlesex,RUTGERS UNIVERSITY PD,0,13,4,15,27,316,2,2019
12,Middlesex,SAYREVILLE PD,0,0,8,26,42,231,37,2019
12,Middlesex,SOUTH AMBOY PD,0,0,0,2,10,46,11,2019
12,Middlesex,SOUTH BRUNSWICK TWP PD,0,4,5,8,36,204,14,2019
12,Middlesex,SOUTH PLAINFIELD PD,0,0,8,22,34,343,17,2019
12,Middlesex,SOUTH RIVER PD,0,7,6,22,13,80,9,2019
12,Middlesex,SPOTSWOOD PD,0,0,1,1,8,43,1,2019
12,Middlesex,STATE POLICE MIDDLESEX COUNTY,0,1,2,6,1,31,0,2019
12,Middlesex,WOODBRIDGE TWP PD,2,13,24,72,117,1197,99,2019
13,Monmouth,ABERDEEN TWP PD,0,3,5,7,7,145,12,2019
13,Monmouth,ABERDEEN TWP PD,0,3,5,7,7,145,12,2019
13,Monmouth,ALLENHURST PD,0,0,0,0,1,9,1,2019
13,Monmouth,ALLENTOWN BORO PD,0,0,0,0,2,6,0,2019
13,Monmouth,ASBURY PARK PD,2,10,47,120,59,457,9,2019
13,Monmouth,ATLANTIC HIGHLANDS PD,0,0,1,2,2,48,0,2019
13,Monmouth,AVON-BY-THE-SEA PD,0,0,0,1,5,31,0,2019
13,Monmouth,BELMAR PD,0,0,0,8,4,78,4,2019
13,Monmouth,BRADLEY BEACH PD,0,0,0,6,7,60,1,2019
13,Monmouth,BRIELLE PD,0,1,0,1,3,11,1,2019
13,Monmouth,BROOKDALE COLLEGE PD,0,0,0,0,0,8,0,2019
13,Monmouth,COLTS NECK PD,0,1,2,1,9,40,9,2019
13,Monmouth,DEAL PD,0,0,0,0,3,13,12,2019
13,Monmouth,EATONTOWN PD,0,7,9,18,18,247,9,2019
13,Monmouth,ENGLISHTOWN PD,0,0,0,3,2,9,1,2019
13,Monmouth,FAIR HAVEN PD,0,0,0,1,4,10,2,2019
13,Monmouth,FREEHOLD BORO PD,0,0,11,11,20,105,4,2019
13,Monmouth,FREEHOLD TWP PD,2,1,9,22,21,455,11,2019
13,Monmouth,HAZLET TWP PD,0,5,2,24,16,171,12,2019
13,Monmouth,HIGHLANDS PD,0,0,0,2,4,5,0,2019
13,Monmouth,HOLMDEL PD,0,1,1,15,16,168,10,2019
13,Monmouth,HOWELL TWP PD,1,14,1,15,43,321,12,2019
13,Monmouth,INTERLAKEN PD,0,0,0,0,0,3,0,2019
13,Monmouth,KEANSBURG PD,0,2,6,13,18,157,1,2019
13,Monmouth,KEYPORT PD,0,0,4,8,10,73,9,2019
13,Monmouth,LAKE COMO BORO PD,0,0,1,0,2,11,3,2019
13,Monmouth,LITTLE SILVER PD,0,0,0,2,1,25,8,2019
13,Monmouth,LOCH ARBOUR VILLAGE PD,0,0,0,0,1,13,0,2019
13,Monmouth,LONG BRANCH PD,0,11,23,75,60,538,27,2019
13,Monmouth,MANALAPAN TWP PD,1,11,2,4,36,173,17,2019
13,Monmouth,MANASQUAN PD,0,3,0,4,3,82,3,2019
13,Monmouth,MARLBORO TWP PD,0,0,2,7,38,212,23,2019
13,Monmouth,MATAWAN PD,0,0,0,0,0,5,0,2019
13,Monmouth,MIDDLETOWN PD,0,4,2,16,38,294,22,2019
13,Monmouth,MONMOUTH BEACH PD,0,0,0,2,0,8,0,2019
13,Monmouth,MONMOUTH CO PROSECUTOR'S OFFICE,0,0,0,0,0,0,0,2019
13,Monmouth,MONMOUTH CO SHERIFF'S DEPT,0,0,0,7,0,1,0,2019
13,Monmouth,MONMOUTH UNIVERSITY PD,0,3,0,0,2,17,2,2019
13,Monmouth,NEPTUNE CITY PD,0,0,2,9,6,112,0,2019
13,Monmouth,NEPTUNE TWP PD,2,2,18,73,72,786,13,2019
13,Monmouth,OCEAN TWP PD,1,0,4,12,60,499,23,2019
13,Monmouth,OCEANPORT PD,0,2,2,8,8,33,2,2019
13,Monmouth,RED BANK PD,0,4,4,5,14,108,4,2019
13,Monmouth,RUMSON PD,0,0,0,0,7,36,14,2019
13,Monmouth,SEA BRIGHT PD,0,1,0,1,2,9,0,2019
13,Monmouth,SEA GIRT PD,0,0,0,1,1,11,0,2019
13,Monmouth,SHREWSBURY PD,0,0,1,5,4,79,5,2019
13,Monmouth,SPRING LAKE HEIGHTS PD,0,0,0,1,2,10,1,2019
13,Monmouth,SPRING LAKE PD,0,0,0,0,4,29,1,2019
13,Monmouth,STATE POLICE MONMOUTH COUNTY,1,2,1,6,30,74,4,2019
13,Monmouth,TINTON FALLS PD,0,0,4,4,7,227,9,2019
13,Monmouth,UNION BEACH PD,0,0,0,11,5,8,1,2019
13,Monmouth,WALL TWP PD,0,0,0,22,21,144,13,2019
13,Monmouth,WEST LONG BRANCH PD,0,0,0,0,7,75,7,2019
14,Morris,BOONTON PD,0,1,2,8,8,70,4,2019
14,Morris,BOONTON TWP PD,0,1,0,1,4,12,2,2019
14,Morris,BUTLER BORO PD,0,0,0,1,3,22,1,2019
14,Morris,CHATHAM BORO PD,0,0,0,0,5,52,6,2019
14,Morris,CHATHAM TWP PD,0,0,0,0,1,20,3,2019
14,Morris,CHESTER BORO PD,0,0,0,0,1,12,0,2019
14,Morris,CHESTER TWP PD,0,0,0,0,11,20,4,2019
14,Morris,DENVILLE PD,0,1,0,5,4,57,4,2019
14,Morris,DOVER PD,0,2,11,27,49,94,14,2019
14,Morris,EAST HANOVER TWP PD,0,0,1,2,10,107,9,2019
14,Morris,FLORHAM PARK PD,0,0,0,1,19,85,7,2019
14,Morris,HANOVER TWP PD,0,4,1,7,7,120,9,2019
14,Morris,HARDING TWP PD,0,0,0,3,10,9,1,2019
14,Morris,JEFFERSON TWP PD,1,2,0,7,12,54,6,2019
14,Morris,KINNELON BORO PD,0,1,0,0,11,9,2,2019
14,Morris,LINCOLN PARK PD,0,0,0,2,8,32,6,2019
14,Morris,LONG HILL TWP PD,0,1,0,2,3,40,2,2019
14,Morris,MADISON PD,0,0,0,1,11,52,7,2019
14,Morris,MENDHAM BORO PD,0,0,0,0,1,14,5,2019
14,Morris,MENDHAM TWP PD,0,0,0,1,3,6,2,2019
14,Morris,MINE HILL TWP PD,0,0,1,1,3,8,1,2019
14,Morris,MONTVILLE TWP PD,0,0,0,4,11,137,24,2019
14,Morris,MORRIS CO PROSECUTOR' S OFFICE,0,0,0,0,0,0,0,2019
14,Morris,MORRIS CO SHERIFF'S DEPT,0,0,0,0,0,0,0,2019
14,Morris,MORRIS COUNTY PARK PD,0,0,0,0,1,15,0,2019
14,Morris,MORRIS PLAINS PD,0,0,0,2,3,65,3,2019
14,Morris,MORRIS TWP PD,0,0,0,8,22,70,4,2019
14,Morris,MORRISTOWN PD,0,5,9,27,9,157,4,2019
14,Morris,MOUNT ARLINGTON BORO PD,0,0,0,0,3,23,1,2019
14,Morris,MOUNT OLIVE TWP PD,0,5,3,6,19,92,1,2019
14,Morris,MOUNTAIN LAKES PD,0,0,0,0,10,11,7,2019
14,Morris,NETCONG BORO PD,0,5,0,6,2,25,1,2019
14,Morris,PARSIPPANY-TROY HILLS PD,1,9,3,10,59,233,34,2019
14,Morris,PEQUANNOCK PD,0,0,3,4,13,60,0,2019
14,Morris,RANDOLPH TWP PD,0,1,1,6,10,81,8,2019
14,Morris,RIVERDALE PD,0,0,0,2,9,83,4,2019
14,Morris,ROCKAWAY BORO PD,0,0,1,0,13,37,3,2019
14,Morris,ROCKAWAY TWP PD,0,0,2,11,20,203,8,2019
14,Morris,ROXBURY TWP PD,0,0,2,1,13,88,0,2019
14,Morris,STATE POLICE MORRIS COUNTY,1,1,0,7,3,11,2,2019
14,Morris,WASHINGTON TWP PD,0,3,0,9,13,63,4,2019
14,Morris,WHARTON BORO PD,0,0,3,7,9,47,1,2019
15,Ocean,BARNEGAT LIGHT BORO,0,0,0,0,1,5,0,2019
15,Ocean,BARNEGAT TWP PD,0,6,4,8,13,108,3,2019
15,Ocean,BAYHEAD BORO PD,0,0,0,0,3,12,0,2019
15,Ocean,BEACH HAVEN PD,0,0,0,0,5,136,0,2019
15,Ocean,BEACHWOOD BORO PD,0,3,0,2,14,65,0,2019
15,Ocean,BERKELEY TWP PD,0,9,10,25,68,310,7,2019
15,Ocean,BRICK TWP PD,3,18,9,53,128,665,12,2019
15,Ocean,HARVEY CEDARS BORO PD,0,0,0,0,2,5,0,2019
15,Ocean,ISLAND HEIGHTS BORO PD,0,0,0,0,3,4,0,2019
15,Ocean,JACKSON TWP PD,0,3,5,17,71,298,22,2019
15,Ocean,LACEY TWP PD,0,4,4,17,29,233,3,2019
15,Ocean,LAKEHURST BORO PD,0,0,2,3,0,16,2,2019
15,Ocean,LAKEWOOD PD,1,11,45,91,253,675,37,2019
15,Ocean,LAVALLETTE PD,0,0,0,0,2,34,3,2019
15,Ocean,LITTLE EGG HARBOR TWP PD,0,2,3,13,36,164,6,2019
15,Ocean,LONG BEACH TWP PD,0,5,0,5,6,70,2,2019
15,Ocean,MANCHESTER TWP PD,3,0,3,6,51,215,12,2019
15,Ocean,MANTOLOKING BORO PD,0,0,0,0,0,3,2,2019
15,Ocean,OCEAN CO PROSECUTOR'S OFFICE,0,0,0,0,0,0,0,2019
15,Ocean,OCEAN CO SHERIFF'S DEPT,0,0,0,0,0,8,0,2019
15,Ocean,OCEAN TWP PD,0,1,0,3,6,32,0,2019
15,Ocean,OCEANGATE BORO PD,0,0,1,0,7,17,0,2019
15,Ocean,PINE BEACH BORO PD,0,0,0,1,3,20,0,2019
15,Ocean,PLUMSTED TWP PD,0,1,0,4,12,19,1,2019
15,Ocean,POINT PLEASANT BEACH PD,0,0,1,4,20,24,10,2019
15,Ocean,POINT PLEASANT BORO PD,0,0,0,15,24,87,5,2019
15,Ocean,SEASIDE HEIGHTS PD,0,0,1,11,21,141,4,2019
15,Ocean,SEASIDE PARK PD,0,0,1,2,6,14,0,2019
15,Ocean,SHIP BOTTOM BORO PD,0,0,0,0,0,18,0,2019
15,Ocean,SOUTH TOMS RIVER PD,0,0,2,5,6,24,2,2019
15,Ocean,STAFFORD TWP PD,0,4,1,27,19,205,8,2019
15,Ocean,STATE POLICE OCEAN COUNTY,0,0,0,2,5,16,0,2019
15,Ocean,SURF CITY PD,0,2,0,0,3,5,0,2019
15,Ocean,TOMS RIVER TOWNSHIP,1,13,18,40,136,1070,42,2019
15,Ocean,TUCKERTON BORO PD,0,0,0,1,7,23,6,2019
16,Passaic,BLOOMINGDALE BORO PD,0,3,0,2,3,29,0,2019
16,Passaic,CLIFTON PD,0,0,50,45,115,1046,111,2019
16,Passaic,HALEDON PD,0,0,4,27,25,101,15,2019
16,Passaic,HAWTHORNE PD,0,0,0,0,9,116,14,2019
16,Passaic,LITTLE FALLS PD,0,0,0,20,12,70,7,2019
16,Passaic,NORTH HALEDON PD,0,1,0,2,5,39,5,2019
16,Passaic,PASSAIC CO PROSECUTOR'S OFFICE,0,0,0,0,0,0,0,2019
16,Passaic,PASSAIC CO SHERIFF'S DEPT,0,0,0,0,0,0,0,2019
16,Passaic,PASSAIC PD,1,6,166,196,133,923,159,2019
16,Passaic,PATERSON PD,19,54,464,682,847,1829,456,2019
16,Passaic,PEAPACK-GLADSTONE PD,0,0,0,0,11,5,5,2019
16,Passaic,POMPTON LAKES BORO PD,0,1,0,7,5,51,2,2019
16,Passaic,PROSPECT PARK BORO PD,0,2,1,2,12,62,9,2019
16,Passaic,RINGWOOD BORO PD,0,1,0,4,6,34,2,2019
16,Passaic,STATE POLICE PASSAIC COUNTY,0,0,0,1,1,3,1,2019
16,Passaic,TOTOWA BORO  PD,0,1,2,12,16,134,16,2019
16,Passaic,WANAQUE BORO PD,0,1,0,3,2,27,5,2019
16,Passaic,WAYNE PD,0,0,8,22,78,777,39,2019
16,Passaic,WEST MILFORD PD,0,2,1,10,18,104,5,2019
16,Passaic,WILLIAM PATERSON UNIVERSITY PD,0,4,0,1,12,42,0,2019
16,Passaic,WOODLAND PARK BORO PD,0,1,0,13,18,136,13,2019
17,Salem,CARNEY'S POINT PD,0,10,3,4,18,80,6,2019
17,Salem,ELMER BORO PD,1,0,0,0,0,5,0,2019
17,Salem,ELSINBORO TWP PD,0,0,0,2,1,10,0,2019
17,Salem,LOWER ALLOWAYS CREEK TWP PD,0,0,0,1,0,3,0,2019
17,Salem,PENNS GROVE PD,1,8,14,28,31,110,13,2019
17,Salem,PENNSVILLE PD,0,0,3,15,19,172,8,2019
17,Salem,SALEM CO PROSECUTOR'S OFFICE,0,0,0,0,0,0,0,2019
17,Salem,SALEM CO SHERIFF'S DEPT,0,0,0,0,0,0,0,2019
17,Salem,SALEM PD,2,3,19,49,77,124,26,2019
17,Salem,STATE POLICE SALEM COUNTY,0,5,3,9,43,122,17,2019
17,Salem,WOODSTOWN BORO PD,0,0,0,1,10,23,1,2019
18,Somerset,BEDMINSTER TWP PD,0,0,0,2,6,29,4,2019
18,Somerset,BERNARDS TWP PD,0,0,0,0,15,54,14,2019
18,Somerset,BERNARDSVILLE PD,0,0,0,2,3,34,6,2019
18,Somerset,BOUND BROOK PD,1,0,6,9,11,98,3,2019
18,Somerset,BRANCHBURG TWP PD,0,2,1,1,13,63,7,2019
18,Somerset,BRIDGEWATER TWP PD,0,0,3,4,32,382,21,2019
18,Somerset,FAR HILLS PD,0,0,0,0,0,3,0,2019
18,Somerset,FRANKLIN TWP PD,4,10,18,26,76,517,32,2019
18,Somerset,GREEN BROOK PD,0,0,0,1,8,44,4,2019
18,Somerset,HILLSBOROUGH TWP PD,0,7,1,5,29,158,4,2019
18,Somerset,MANVILLE PD,0,4,1,1,14,197,7,2019
18,Somerset,MONTGOMERY TWP PD,0,0,0,5,62,39,10,2019
18,Somerset,NORTH PLAINFIELD PD,1,10,26,10,36,234,11,2019
18,Somerset,RARITAN PD,0,3,1,2,11,45,5,2019
18,Somerset,SOMERSET CO PROSECUTOR'S OFFICE,0,0,0,0,0,0,0,2019
18,Somerset,SOMERSET CO SHERIFF'S DEPT,0,0,0,1,0,1,0,2019
18,Somerset,SOMERVILLE PD,0,0,9,3,12,106,9,2019
18,Somerset,SOUTH BOUND BROOK PD,0,0,1,0,6,36,1,2019
18,Somerset,STATE POLICE SOMERSET COUNTY,0,0,0,1,2,4,1,2019
18,Somerset,WARREN TWP PD,0,0,0,0,11,25,6,2019
18,Somerset,WATCHUNG PD,0,0,0,1,13,301,6,2019
19,Sussex,ANDOVER TWP PD,0,0,0,0,3,13,1,2019
19,Sussex,BYRAM TWP PD,0,4,1,5,9,48,6,2019
19,Sussex,FRANKLIN BORO PD,0,1,1,8,3,44,1,2019
19,Sussex,HAMBURG PD,0,0,0,0,4,13,0,2019
19,Sussex,HARDYSTON TWP POLICE DEPT,0,0,1,0,4,22,0,2019
19,Sussex,HOPATCONG PD,0,0,1,7,0,37,2,2019
19,Sussex,NEWTON PD,0,4,0,10,8,55,0,2019
19,Sussex,OGDENSBURG PD,0,0,0,0,0,9,1,2019
19,Sussex,SPARTA PD,0,0,0,4,2,27,2,2019
19,Sussex,STANHOPE PD,0,1,0,0,7,18,2,2019
19,Sussex,STATE POLICE SUSSEX COUNTY,0,8,2,15,52,146,15,2019
19,Sussex,SUSSEX CO PROSECUTOR'S OFFICE,0,0,0,0,0,0,0,2019
19,Sussex,SUSSEX CO SHERIFF'S DEPT,0,0,0,0,0,0,0,2019
19,Sussex,VERNON TWP PD,0,0,0,3,12,68,1,2019
20,Union,BERKELEY HEIGHTS PD,0,3,1,0,12,36,10,2019
20,Union,CLARK PD,0,4,3,7,13,207,4,2019
20,Union,CRANFORD PD,0,0,1,3,11,175,16,2019
20,Union,ELIZABETH PD,7,50,384,485,365,2776,757,2019
20,Union,FANWOOD PD,0,1,0,1,5,17,3,2019
20,Union,GARWOOD PD,0,0,0,1,5,30,0,2019
20,Union,HILLSIDE PD,0,5,26,33,51,398,84,2019
20,Union,KEAN UNIVERSITY PD,0,1,1,1,0,74,2,2019
20,Union,KENILWORTH PD,0,4,2,4,8,86,15,2019
20,Union,LINDEN PD,0,21,44,94,110,1079,39,2019
20,Union,MOUNTAINSIDE PD,0,0,0,3,9,36,7,2019
20,Union,NEW PROVIDENCE PD,0,0,0,0,5,29,1,2019
20,Union,PLAINFIELD PD,3,2,90,97,140,607,58,2019
20,Union,RAHWAY PD,1,2,10,20,25,103,29,2019
20,Union,ROSELLE PARK PD,0,2,0,0,11,115,9,2019
20,Union,ROSELLE PD,1,1,16,49,51,255,33,2019
20,Union,SCOTCH PLAINS PD,0,2,3,9,50,105,7,2019
20,Union,SPRINGFIELD TWP PD,0,0,2,1,19,105,10,2019
20,Union,STATE POLICE UNION COUNTY,0,0,0,3,1,2,2,2019
20,Union,SUMMIT PD,0,1,2,0,9,118,9,2019
20,Union,UNION CO PD,0,3,10,9,0,32,0,2019
20,Union,UNION CO PROSECUTOR'S OFFICE,0,0,0,0,0,0,0,2019
20,Union,UNION CO SHERIFF'S OFFICE,0,0,0,0,0,0,0,2019
20,Union,UNION TWP PD,0,6,27,12,44,792,76,2019
20,Union,WESTFIELD PD,0,0,2,2,9,112,20,2019
20,Union,WINFIELD PD,0,0,0,0,3,6,0,2019
21,Warren,ALPHA PD,0,0,0,1,7,30,0,2019
21,Warren,BELVIDERE PD,0,1,0,7,13,19,0,2019
21,Warren,BLAIRSTOWN TWP PD,0,1,0,4,8,10,1,2019
21,Warren,GREENWICH TWP PD,0,0,1,0,11,110,5,2019
21,Warren,HACKETTSTOWN PD,0,0,0,3,2,25,1,2019
21,Warren,INDEPENDENCE TWP PD,0,1,0,1,4,0,1,2019
21,Warren,LOPATCONG TWP PD,0,0,0,4,5,90,4,2019
21,Warren,MANSFIELD TWP PD,0,1,0,2,5,76,2,2019
21,Warren,OXFORD TWP PD,0,0,0,1,2,4,0,2019
21,Warren,PHILLIPSBURG PD,0,14,5,11,37,254,13,2019
21,Warren,POHATCONG PD,0,0,0,0,21,208,1,2019
21,Warren,STATE POLICE WARREN COUNTY,0,2,2,2,28,68,8,2019
21,Warren,WARREN CO PROSECUTOR'S OFFICE,0,0,0,0,0,0,0,2019
21,Warren,WARREN CO SHERIFF'S DEPT,0,0,0,0,0,0,0,2019
21,Warren,WASHINGTON BORO PD,0,0,0,8,9,33,2,2019
21,Warren,WASHINGTON TWP PD,2,0,0,4,8,51,5,2019
1,Atlantic,ABSECON CITY PD,1,1,5,10,16,159,6,2018
1,Atlantic,ATLANTIC CITY PD,7,11,131,127,116,994,71,2018
1,Atlantic,ATLANTIC CO SHERIFF'S  OFFICE,0,0,0,0,0,0,0,2018
1,Atlantic,ATLANTIC COUNTY PROSECUTOR'S OFFICE,0,0,0,0,0,0,0,2018
1,Atlantic,BRIGANTINE PD,0,0,0,1,23,105,1,2018
1,Atlantic,BUENA PD,0,0,1,4,13,58,1,2018
1,Atlantic,EGG HARBOR CITY PD,0,0,4,5,35,85,2,2018
1,Atlantic,EGG HARBOR TWP PD,1,4,10,47,114,765,23,2018
1,Atlantic,GALLOWAY TWP PD,0,2,8,63,90,295,14,2018
1,Atlantic,HAMILTON TWP PD,2,3,13,39,98,736,23,2018
1,Atlantic,HAMMONTON PD,0,0,5,4,30,111,8,2018
1,Atlantic,LINWOOD CITY PD,1,0,2,1,12,40,1,2018
1,Atlantic,LONGPORT PD,0,0,0,0,0,3,2,2018
1,Atlantic,MARGATE PD,0,1,1,7,43,92,0,2018
1,Atlantic,MULLICA TWP PD,0,0,1,5,33,31,7,2018
1,Atlantic,NORTHFIELD PD,0,0,2,6,29,47,2,2018
1,Atlantic,PLEASANTVILLE PD,1,19,33,39,99,195,12,2018
1,Atlantic,SOMERS POINT PD,0,3,6,5,30,209,7,2018
1,Atlantic,SP: ATLANTIC COUNTY,0,1,4,19,29,506,9,2018
1,Atlantic,STOCKTON UNIVERSITY,0,1,0,0,1,27,1,2018
1,Atlantic,VENTNOR PD,3,0,5,9,54,199,6,2018
2,Bergen,ALLENDALE PD,0,1,0,2,4,23,3,2018
2,Bergen,ALPINE PD,0,1,0,0,4,11,9,2018
2,Bergen,BERGEN CO PROSECUTOR'S OFFICE,0,0,0,0,0,0,0,2018
2,Bergen,BERGEN CO SHERIFF'S DEPT,0,0,0,0,0,0,0,2018
2,Bergen,BERGENFIELD PD,0,0,1,0,12,60,4,2018
2,Bergen,BOGOTA PD,1,0,1,0,8,34,3,2018
2,Bergen,CARLSTADT PD,0,0,2,4,5,79,3,2018
2,Bergen,CLIFFSIDE PARK PD,0,5,4,6,17,121,12,2018
2,Bergen,CLOSTER PD,0,0,0,1,1,49,8,2018
2,Bergen,CRESSKILL PD,0,0,0,1,11,25,11,2018
2,Bergen,DEMAREST PD,0,0,0,0,2,10,9,2018
2,Bergen,DUMONT PD,0,0,2,3,6,43,0,2018
2,Bergen,EAST RUTHERFORD PD,0,3,3,8,15,123,10,2018
2,Bergen,EDGEWATER PD,0,0,3,10,3,127,7,2018
2,Bergen,ELMWOOD PARK PD,0,0,14,19,37,284,21,2018
2,Bergen,EMERSON PD,0,0,0,2,2,32,2,2018
2,Bergen,ENGLEWOOD CLIFFS PD,0,0,0,1,17,38,7,2018
2,Bergen,ENGLEWOOD PD,0,6,19,60,45,215,21,2018
2,Bergen,FAIR LAWN PD,2,0,4,13,39,255,10,2018
2,Bergen,FAIRVIEW PD,0,0,25,10,29,109,6,2018
2,Bergen,FORT LEE PD,0,3,6,13,32,220,19,2018
2,Bergen,FRANKLIN LAKES BORO PD,0,0,1,0,7,46,6,2018
2,Bergen,GARFIELD PD,0,11,27,41,61,480,44,2018
2,Bergen,GLEN ROCK PD,0,0,0,0,1,47,1,2018
2,Bergen,HACKENSACK PD,0,15,28,73,36,578,35,2018
2,Bergen,HARRINGTON PARK PD,0,0,0,0,7,3,3,2018
2,Bergen,HASBROUCK HEIGHTS PD,0,0,0,1,0,51,0,2018
2,Bergen,HAWORTH PD,0,0,0,0,1,11,0,2018
2,Bergen,HILLSDALE PD,0,0,1,2,3,37,1,2018
2,Bergen,HO-HO-KUS PD,0,0,0,1,10,20,1,2018
2,Bergen,LEONIA PD,0,0,0,3,10,59,5,2018
2,Bergen,LITTLE FERRY PD,0,0,0,7,17,67,10,2018
2,Bergen,LODI PD,0,3,9,16,37,184,33,2018
2,Bergen,LYNDHURST PD,0,2,3,7,12,138,18,2018
2,Bergen,MAHWAH TWP PD,0,2,0,1,7,79,12,2018
2,Bergen,MAYWOOD PD,0,0,3,1,9,55,4,2018
2,Bergen,MIDLAND PARK PD,0,1,0,0,0,36,1,2018
2,Bergen,MONTVALE PD,0,0,0,0,0,19,1,2018
2,Bergen,MOONACHIE PD,0,2,0,2,3,53,2,2018
2,Bergen,NEW MILFORD PD,0,1,0,4,11,39,2,2018
2,Bergen,NORTH ARLINGTON PD,0,0,2,3,9,120,19,2018
2,Bergen,NORTHVALE PD,0,0,0,2,0,5,0,2018
2,Bergen,NORWOOD PD,0,0,0,0,0,14,1,2018
2,Bergen,OAKLAND PD,0,0,0,7,4,44,0,2018
2,Bergen,OLD TAPPAN PD,0,0,0,1,2,12,8,2018
2,Bergen,ORADELL PD,0,4,0,2,4,18,3,2018
2,Bergen,PALISADES INTER. PARKWAY PD,0,0,0,4,3,5,0,2018
2,Bergen,PALISADES PARK PD,0,1,10,6,34,80,16,2018
2,Bergen,PARAMUS PD,0,3,12,9,24,1015,28,2018
2,Bergen,PARK RIDGE PD,0,0,0,3,6,9,0,2018
2,Bergen,RAMSEY PD,0,0,0,2,8,96,2,2018
2,Bergen,RIDGEFIELD BORO PD,0,0,1,2,7,57,4,2018
2,Bergen,RIDGEFIELD PARK PD,0,0,2,11,9,88,2,2018
2,Bergen,RIDGEWOOD VILLAGE PD,0,1,0,4,22,130,3,2018
2,Bergen,RIVER EDGE PD,0,0,0,0,6,56,2,2018
2,Bergen,RIVER VALE PD,0,0,0,1,2,19,3,2018
2,Bergen,ROCHELLE PARK PD,0,0,1,0,8,62,3,2018
2,Bergen,ROCKLEIGH BOROUGH,0,0,0,1,0,0,0,2018
2,Bergen,RUTHERFORD PD,0,1,3,15,22,132,10,2018
2,Bergen,SADDLE BROOK PD,0,0,0,1,2,187,3,2018
2,Bergen,SADDLE RIVER PD,0,0,0,0,4,17,8,2018
2,Bergen,SOUTH HACKENSACK PD,1,0,3,2,6,51,6,2018
2,Bergen,STATE POLICE BERGEN COUNTY,0,0,1,3,1,28,5,2018
2,Bergen,TEANECK PD,0,10,13,22,79,322,18,2018
2,Bergen,TENAFLY PD,0,0,1,3,9,21,7,2018
2,Bergen,TETERBORO BOROUGH,0,0,0,1,0,132,5,2018
2,Bergen,UPPER SADDLE RIVER PD,0,0,0,0,1,15,9,2018
2,Bergen,WALDWICK PD,0,0,0,2,8,34,5,2018
2,Bergen,WALLINGTON PD,0,0,2,3,8,108,4,2018
2,Bergen,WASHINGTON TWP PD,0,0,0,0,6,20,3,2018
2,Bergen,WESTWOOD PD,0,1,0,10,20,36,1,2018
2,Bergen,WOODCLIFF LAKE PD,0,0,0,0,3,13,4,2018
2,Bergen,WOOD-RIDGE PD,0,0,1,6,5,77,1,2018
2,Bergen,WYCKOFF TWP PD,0,1,1,4,9,70,5,2018
3,Burlington,BEVERLY CITY PD,0,1,0,6,20,22,2,2018
3,Burlington,BORDENTOWN CITY PD,0,0,2,1,7,11,5,2018
3,Burlington,BORDENTOWN TWP  PD,0,3,3,8,15,72,12,2018
3,Burlington,BURLINGTON CITY PD,1,1,10,25,60,139,12,2018
3,Burlington,BURLINGTON CO PROSECUTORS OFFICE,1,0,0,0,0,0,0,2018
3,Burlington,BURLINGTON COUNTY SHERIFF'S OFFICE,0,0,0,0,0,0,0,2018
3,Burlington,BURLINGTON TWP PD,0,7,10,18,45,218,11,2018
3,Burlington,CHESTERFIELD TWP PD,0,0,0,0,0,13,1,2018
3,Burlington,CINNAMINSON PD,0,3,3,8,42,237,7,2018
3,Burlington,DELANCO TWP PD,0,3,2,0,12,32,3,2018
3,Burlington,DELRAN TWP PD,0,3,2,3,26,143,7,2018
3,Burlington,EASTAMPTON TWP PD,0,1,2,3,13,42,4,2018
3,Burlington,EDGEWATER PARK TWP PD,1,3,5,6,31,75,20,2018
3,Burlington,EVESHAM TWP PD,0,0,11,23,53,445,8,2018
3,Burlington,FIELDSBORO PD,0,0,0,1,3,6,2,2018
3,Burlington,FLORENCE TWP PD,0,3,2,8,30,55,4,2018
3,Burlington,LUMBERTON TWP PD,1,0,5,4,8,194,10,2018
3,Burlington,MANSFIELD TWP PD,0,0,2,1,9,46,6,2018
3,Burlington,MAPLE SHADE PD,0,8,10,20,55,226,24,2018
3,Burlington,MEDFORD LAKES PD,0,1,0,0,3,17,1,2018
3,Burlington,MEDFORD TWP PD,0,2,3,42,25,146,5,2018
3,Burlington,MOORESTOWN PD,0,1,5,7,30,208,13,2018
3,Burlington,MOUNT HOLLY PD,0,12,7,19,17,207,7,2018
3,Burlington,MOUNT LAUREL TWP PD,0,6,17,29,51,579,34,2018
3,Burlington,NEW HANOVER TWP PD,0,0,0,0,0,2,0,2018
3,Burlington,NORTH HANOVER TWP PD,0,0,0,6,5,17,0,2018
3,Burlington,PALMYRA BORO PD,0,3,1,8,16,130,6,2018
3,Burlington,PEMBERTON BORO PD,0,0,2,0,2,24,2,2018
3,Burlington,PEMBERTON TWP PD,1,0,25,64,215,304,28,2018
3,Burlington,RIVERSIDE PD,0,0,1,6,8,6,1,2018
3,Burlington,RIVERTON BORO PD,0,0,0,2,4,30,1,2018
3,Burlington,SPRINGFIELD TWP PD,0,0,1,0,5,19,2,2018
3,Burlington,STATE POLICE BURLINGTON COUNTY,1,7,3,19,57,133,11,2018
3,Burlington,WESTAMPTON TWP PD,0,7,6,5,27,109,8,2018
3,Burlington,WILLINGBORO PD,0,9,23,80,152,297,27,2018
4,Camden,AUDUBON PARK PD,0,0,0,4,4,6,1,2018
4,Camden,AUDUBON PD,0,0,0,0,28,262,6,2018
4,Camden,BARRINGTON PD,0,0,0,5,16,94,3,2018
4,Camden,BELLMAWR PD,0,0,1,7,28,122,8,2018
4,Camden,BERLIN BORO PD,0,2,0,11,12,103,8,2018
4,Camden,BERLIN TWP PD,0,1,1,2,15,144,4,2018
4,Camden,BROOKLAWN PD,0,3,6,7,8,116,8,2018
4,Camden,CAMDEN CO PROSECUTOR'S OFFICE,0,0,0,0,0,0,0,2018
4,Camden,CAMDEN CO SHERIFF'S DEPT,0,0,0,6,0,35,2,2018
4,Camden,CAMDEN PD,23,64,355,756,458,1242,519,2018
4,Camden,CHERRY HILL TWP PD,0,0,57,35,148,1839,39,2018
4,Camden,CHESILHURST PD,0,0,0,3,22,19,6,2018
4,Camden,CLEMENTON BORO PD,0,0,8,3,45,87,7,2018
4,Camden,COLLINGSWOOD PD,0,3,13,14,51,200,28,2018
4,Camden,GIBBSBORO PD,0,0,1,3,12,16,0,2018
4,Camden,GLOUCESTER CITY PD,0,0,13,21,47,204,18,2018
4,Camden,GLOUCESTER TWP PD,5,10,24,39,90,839,16,2018
4,Camden,HADDON HEIGHTS PD,0,0,1,2,12,28,1,2018
4,Camden,HADDON TWP PD,0,0,13,6,37,199,11,2018
4,Camden,HADDONFIELD PD,0,1,1,4,21,78,1,2018
4,Camden,HI-NELLA POLICE DEPARTMENT,0,1,0,0,1,9,0,2018
4,Camden,LAUREL SPRINGS PD,0,0,0,2,5,16,1,2018
4,Camden,LAWNSIDE BORO PD,0,0,4,2,16,103,3,2018
4,Camden,LINDENWOLD BORO PD,2,16,40,53,103,328,24,2018
4,Camden,MAGNOLIA PD,0,0,3,6,16,62,7,2018
4,Camden,MERCHANTVILLE PD,0,0,0,4,20,41,3,2018
4,Camden,MT. EPHRAIM PD,0,0,5,1,19,172,9,2018
4,Camden,OAKLYN BORO PD,0,0,5,5,37,99,4,2018
4,Camden,PENNSAUKEN TWP PD,0,5,41,55,298,564,47,2018
4,Camden,PINE HILL PD,0,0,9,16,45,114,3,2018
4,Camden,PINE VALLEY BORO PD,0,0,0,0,0,0,0,2018
4,Camden,RUNNEMEDE PD,0,0,2,5,53,147,8,2018
4,Camden,RUTGERS UNIV CAMPUS PD,0,0,1,0,2,75,0,2018
4,Camden,SOMERDALE PD,0,0,6,7,32,138,5,2018
4,Camden,STATE POLICE CAMDEN COUNTY,0,0,2,7,1,21,8,2018
4,Camden,STRATFORD BORO PD,0,1,3,2,11,65,1,2018
4,Camden,TAVISTOCK BORO,0,0,0,0,0,1,0,2018
4,Camden,VOORHEES TWP PD,0,12,10,20,35,322,18,2018
4,Camden,WATERFORD TWP PD,0,1,1,5,9,51,4,2018
4,Camden,WINSLOW TWP PD,3,20,8,33,143,357,12,2018
4,Camden,WOODLYNNE PD,0,0,4,7,5,31,7,2018
5,Cape May,AVALON BORO PD,0,0,0,2,7,130,1,2018
5,Cape May,CAPE MAY CITY PD,0,1,0,3,8,62,2,2018
5,Cape May,CAPE MAY CO PROSECUTOR'S OFFICE,0,0,0,0,0,0,0,2018
5,Cape May,CAPE MAY CO SHERIFF'S OFFICE,0,0,0,1,0,1,0,2018
5,Cape May,CAPE MAY POINT BORO PD,0,0,0,0,1,1,0,2018
5,Cape May,LOWER TWP PD,1,6,7,21,38,118,7,2018
5,Cape May,MIDDLE TWSP PD,0,9,12,30,79,301,14,2018
5,Cape May,NORTH WILDWOOD CITY PD,0,2,1,10,23,144,0,2018
5,Cape May,OCEAN CITY PD,0,0,0,5,33,249,1,2018
5,Cape May,SEA ISLE CITY PD,0,0,3,0,23,80,0,2018
5,Cape May,STATE POLICE CAPE MAY COUNTY,0,3,4,15,31,66,4,2018
5,Cape May,STONE HARBOR BORO PD,0,0,0,0,8,54,1,2018
5,Cape May,WEST CAPE MAY BORO PD,0,0,0,1,3,10,0,2018
5,Cape May,WEST WILDWOOD BORO PD,0,0,0,0,1,4,1,2018
5,Cape May,WILDWOOD CREST BORO PD,0,0,0,7,19,42,0,2018
5,Cape May,WILDWOOD PD,0,1,10,29,39,269,6,2018
6,Cumberland,BRIDGETON PD,5,12,107,79,163,510,47,2018
6,Cumberland,CUMBERLAND CO PROSECUTOR'S OFFICE,0,0,0,0,0,0,0,2018
6,Cumberland,CUMBERLAND CO SHERIFF'S DEPT,0,0,0,1,0,0,0,2018
6,Cumberland,MILLVILLE PD,3,7,44,73,149,1041,27,2018
6,Cumberland,STATE POLICE CUMBERLAND COUNTY,1,7,6,38,146,303,15,2018
6,Cumberland,VINELAND PD,1,22,59,176,399,1564,58,2018
7,Essex,BELLEVILLE PD,0,1,17,44,87,414,88,2018
7,Essex,BLOOMFIELD PD,2,1,19,28,71,488,88,2018
7,Essex,CALDWELL PD,0,2,0,3,16,31,2,2018
7,Essex,CEDAR GROVE PD,0,0,2,2,17,63,6,2018
7,Essex,EAST ORANGE PD,6,21,133,173,168,522,214,2018
7,Essex,ESSEX CO PROSECUTOR'S OFFICE,0,0,0,0,0,0,0,2018
7,Essex,ESSEX CO SHERIFF'S OFFICE,0,4,29,74,20,84,7,2018
7,Essex,ESSEX COUNTY COLLEGE PD,0,0,1,2,2,45,0,2018
7,Essex,ESSEX FELLS PD,0,0,0,0,0,11,4,2018
7,Essex,FAIRFIELD PD,0,0,2,5,9,149,18,2018
7,Essex,GLEN RIDGE PD,0,0,1,0,24,121,13,2018
7,Essex,IRVINGTON PD,5,24,218,107,229,656,392,2018
7,Essex,LIVINGSTON PD,0,2,3,18,22,238,17,2018
7,Essex,MAPLEWOOD PD,1,2,12,7,43,291,60,2018
7,Essex,MILLBURN PD,0,0,8,0,27,325,17,2018
7,Essex,MONTCLAIR PD,3,10,5,19,110,350,42,2018
7,Essex,MONTCLAIR STATE COLLEGE PD,0,5,0,4,1,83,1,2018
7,Essex,NEW JERSEY INSTITUTE OF TECHNOLOGY,0,1,1,2,5,65,0,2018
7,Essex,NEW JERSEY TRANSIT POLICE,0,0,8,13,1,283,4,2018
7,Essex,NEWARK PD,75,150,689,1155,832,2827,2015,2018
7,Essex,NORTH CALDWELL PD,0,0,0,0,0,12,2,2018
7,Essex,NUTLEY PD,0,2,4,21,27,149,21,2018
7,Essex,ORANGE PD,6,10,154,56,188,411,173,2018
7,Essex,ROSELAND PD,0,0,0,1,6,19,6,2018
7,Essex,RUTGERS NEWARK CAMPUS,0,4,3,16,11,252,6,2018
7,Essex,SOUTH ORANGE PD,0,0,10,12,38,229,26,2018
7,Essex,STATE POLICE ESSEX COUNTY,0,1,2,4,0,9,10,2018
7,Essex,VERONA PD,0,0,0,0,15,68,6,2018
7,Essex,WEST CALDWELL PD,0,0,0,2,5,57,6,2018
7,Essex,WEST ORANGE PD,1,13,24,53,81,462,72,2018
8,Gloucester,CLAYTON PD,0,1,3,6,7,58,5,2018
8,Gloucester,DEPTFORD TWP PD,2,8,22,15,163,954,36,2018
8,Gloucester,EAST GREENWICH TWP PD,0,0,0,4,12,50,6,2018
8,Gloucester,ELK TWP PD,0,0,0,1,7,26,1,2018
8,Gloucester,FRANKLIN TWP PD,0,0,3,6,52,171,13,2018
8,Gloucester,GLASSBORO PD,0,3,10,25,69,250,8,2018
8,Gloucester,GLOUCESTER CO PROSECUTOR'S OFFICE,0,0,0,0,0,0,0,2018
8,Gloucester,GLOUCESTER CO SHERIFF'S DEPT,0,0,0,1,0,1,0,2018
8,Gloucester,GREENWICH TWP PD,0,0,1,6,7,56,5,2018
8,Gloucester,HARRISON TWP PD,0,1,1,0,13,53,1,2018
8,Gloucester,LOGAN TWP PD,0,0,3,2,12,96,7,2018
8,Gloucester,MANTUA TWP PD,0,0,3,4,41,136,13,2018
8,Gloucester,MONROE TWP PD,2,7,12,26,105,335,22,2018
8,Gloucester,NATIONAL PARK PD,0,0,0,0,2,31,2,2018
8,Gloucester,NEWFIELD PD,0,0,0,0,2,11,1,2018
8,Gloucester,PAULSBORO PD,2,0,8,6,59,128,9,2018
8,Gloucester,PITMAN PD,1,0,1,2,9,38,1,2018
8,Gloucester,ROWAN UNIVERSITY OF NJ,0,3,2,1,31,73,0,2018
8,Gloucester,SOUTH HARRISON PD,0,0,0,0,3,8,2,2018
8,Gloucester,STATE POLICE GLOUCESTER COUNTY,0,0,0,1,1,8,1,2018
8,Gloucester,SWEDESBORO PD,0,0,1,0,1,12,1,2018
8,Gloucester,WASHINGTON TWP PD,1,1,10,54,73,463,18,2018
8,Gloucester,WENONAH PD,0,0,0,3,7,4,2,2018
8,Gloucester,WEST DEPTFORD TWP PD,0,2,4,13,73,203,14,2018
8,Gloucester,WESTVILLE PD,0,0,2,3,22,84,12,2018
8,Gloucester,WOODBURY CITY PD,1,0,28,24,65,328,30,2018
8,Gloucester,WOODBURY HEIGHTS PD,0,0,0,0,4,43,5,2018
8,Gloucester,WOOLWICH TWP PD,0,0,0,0,3,43,4,2018
9,Hudson,BAYONNE PD,0,12,47,55,97,587,89,2018
9,Hudson,EAST NEWARK PD,0,0,1,0,4,30,10,2018
9,Hudson,GUTTENBERG PD,1,5,10,12,20,74,5,2018
9,Hudson,HARRISON PD,1,5,11,24,45,259,69,2018
9,Hudson,HOBOKEN PD,0,4,23,92,99,726,37,2018
9,Hudson,HUDSON CO PROSECUTOR' OFF - S/FORCE,0,0,0,0,0,0,0,2018
9,Hudson,HUDSON CO SHERIFF'S DEPT,0,0,0,0,0,0,0,2018
9,Hudson,JERSEY CITY PD,17,89,458,669,988,3190,603,2018
9,Hudson,KEARNY PD,0,1,10,27,61,547,69,2018
9,Hudson,NORTH BERGEN PD,0,19,27,52,70,302,63,2018
9,Hudson,PORT AUTHORITY OF NY AND NJ,0,0,9,24,25,585,39,2018
9,Hudson,SECAUCUS PD,0,0,14,16,32,473,21,2018
9,Hudson,STATE POLICE HUDSON COUNTY,0,0,0,2,0,4,3,2018
9,Hudson,STEVENS INSTITUTE OF TECHNOLOGY,0,0,0,0,0,16,0,2018
9,Hudson,UNION CITY PD,2,0,76,155,95,894,89,2018
9,Hudson,WEEHAWKEN PD,0,0,7,16,24,182,17,2018
9,Hudson,WEST NEW YORK PD,1,7,61,69,92,449,26,2018
10,Hunterdon,CALIFON BOROUGH,0,0,0,0,0,0,0,2018
10,Hunterdon,CLINTON TOWN PD,0,0,0,1,5,7,1,2018
10,Hunterdon,CLINTON TWP PD,0,1,0,0,15,34,1,2018
10,Hunterdon,DELAWARE TWP PD,0,0,0,1,2,9,3,2018
10,Hunterdon,FLEMINGTON PD,0,1,2,1,10,50,4,2018
10,Hunterdon,FRANKLIN TWP PD,0,0,0,0,3,27,0,2018
10,Hunterdon,FRENCHTOWN BORO PD,0,0,0,1,0,0,0,2018
10,Hunterdon,HIGH BRIDGE BORO PD,0,0,0,4,8,13,0,2018
10,Hunterdon,HOLLAND TWP PD,0,2,0,2,2,6,1,2018
10,Hunterdon,HUNTERDON CO PROSECUTOR' OFFICE,0,0,0,0,0,0,0,2018
10,Hunterdon,HUNTERDON CO SHERIFF'S DEPT,0,0,0,0,0,0,0,2018
10,Hunterdon,LAMBERTVILLE CITY PD,0,0,0,2,5,34,5,2018
10,Hunterdon,LEBANON TWP PD,0,0,0,3,13,15,0,2018
10,Hunterdon,RARITAN TWP PD,0,0,2,3,8,84,3,2018
10,Hunterdon,READINGTON PD,1,0,0,1,16,60,6,2018
10,Hunterdon,STATE POLICE HUNTERDON COUNTY,0,1,1,7,14,60,9,2018
10,Hunterdon,TEWKSBURY TWP PD,0,0,0,0,3,8,1,2018
10,Hunterdon,WEST AMWELL TWP PD,0,1,0,1,7,9,0,2018
11,Mercer,COLLEGE OF NEW JERSEY,0,2,0,0,3,64,0,2018
11,Mercer,DEPT OF CORRECTIONS,0,0,0,36,0,0,0,2018
11,Mercer,EAST WINDSOR TWP PD,0,5,8,5,7,160,4,2018
11,Mercer,EWING TWP PD,0,13,18,38,113,511,61,2018
11,Mercer,HAMILTON TWP PD,4,12,50,50,325,1296,79,2018
11,Mercer,HIGHTSTOWN PD,0,1,0,0,6,28,0,2018
11,Mercer,HOPEWELL BOROUGH,0,0,0,0,1,5,0,2018
11,Mercer,HOPEWELL TWP PD,0,5,1,2,18,58,0,2018
11,Mercer,LAWRENCE TWP PD,0,6,6,18,54,529,13,2018
11,Mercer,MERCER CO PROSECUTOR' OFF/ID UNIT,0,0,0,0,0,0,0,2018
11,Mercer,MERCER CO SHERIFF'S DEPT,0,0,0,1,7,4,2,2018
11,Mercer,NJ DEPARTMENT OF HUMAN SERVICES,0,0,0,59,1,33,0,2018
11,Mercer,NJ DIV CRIMINAL JUSTICE - TRENTON,0,0,0,1,0,0,0,2018
11,Mercer,NJ DIVISION OF FISH & WILDLIFE,0,0,0,0,0,7,0,2018
11,Mercer,NJ PARK POLICE,0,1,1,5,8,42,2,2018
11,Mercer,PENNINGTON BORO PD,0,1,0,0,0,5,0,2018
11,Mercer,PRINCETON PD,0,0,3,8,43,169,12,2018
11,Mercer,PRINCETON UNIVERSITY POLICE,0,2,0,0,12,162,16,2018
11,Mercer,ROBBINSVILLE TOWNSHIP POLICE,1,0,1,0,10,47,2,2018
11,Mercer,STATE POLICE,0,0,0,0,0,0,0,2018
11,Mercer,STATE POLICE MERCER COUNTY,1,3,0,6,3,46,1,2018
11,Mercer,TRENTON PD,16,40,341,575,772,1317,377,2018
11,Mercer,WEST WINDSOR TWP PD,0,2,3,6,48,243,7,2018
12,Middlesex,CARTERET PD,1,4,15,25,35,236,24,2018
12,Middlesex,CRANBURY TWP PD,0,0,0,0,1,35,1,2018
12,Middlesex,DUNELLEN PD,0,0,1,2,14,82,1,2018
12,Middlesex,EAST BRUNSWICK TWP PD,0,4,8,20,70,553,9,2018
12,Middlesex,EDISON TWP PD,2,8,44,66,166,899,82,2018
12,Middlesex,HELMETTA PD,0,0,0,0,0,8,0,2018
12,Middlesex,HIGHLAND PARK PD,1,0,1,6,20,141,5,2018
12,Middlesex,JAMESBURG PD,0,1,2,2,10,45,1,2018
12,Middlesex,METUCHEN PD,0,0,3,2,20,102,6,2018
12,Middlesex,MIDDLESEX BORO PD,0,1,3,7,13,81,6,2018
12,Middlesex,MIDDLESEX CO COLLEGE PD,0,0,0,0,0,8,0,2018
12,Middlesex,MIDDLESEX CO PROSECUTOR'S OFFICE,0,0,0,0,0,0,0,2018
12,Middlesex,MIDDLESEX CO SHERIFF'S DEPT,0,0,0,0,0,0,0,2018
12,Middlesex,MILLTOWN PD,0,0,2,0,3,110,0,2018
12,Middlesex,MONROE TWP PD,0,1,0,4,16,128,14,2018
12,Middlesex,NEW BRUNSWICK PD,2,30,142,135,230,907,73,2018
12,Middlesex,NORTH BRUNSWICK TWP PD,0,5,24,24,90,562,31,2018
12,Middlesex,OLD BRIDGE TWP PD,0,1,12,15,49,393,48,2018
12,Middlesex,PERTH AMBOY PD,1,0,53,111,126,530,65,2018
12,Middlesex,PISCATAWAY TWP PD,0,6,18,30,70,320,35,2018
12,Middlesex,PLAINSBORO TWP PD,0,0,0,10,12,102,4,2018
12,Middlesex,RUTGERS UNIVERSITY PD,0,6,4,17,24,360,4,2018
12,Middlesex,SAYREVILLE PD,0,3,6,35,31,236,34,2018
12,Middlesex,SOUTH AMBOY PD,0,0,1,5,19,68,10,2018
12,Middlesex,SOUTH BRUNSWICK TWP PD,0,5,7,11,46,219,11,2018
12,Middlesex,SOUTH PLAINFIELD PD,0,0,5,18,34,339,24,2018
12,Middlesex,SOUTH RIVER PD,0,3,2,14,16,102,4,2018
12,Middlesex,SPOTSWOOD PD,0,0,0,1,7,53,1,2018
12,Middlesex,STATE POLICE MIDDLESEX COUNTY,0,0,0,3,1,28,3,2018
12,Middlesex,WOODBRIDGE TWP PD,0,6,32,75,142,1325,87,2018
13,Monmouth,ABERDEEN TWP PD,0,2,2,7,18,137,8,2018
13,Monmouth,ABERDEEN TWP PD,0,2,2,7,18,137,8,2018
13,Monmouth,ALLENHURST PD,0,0,0,0,0,4,3,2018
13,Monmouth,ALLENTOWN BORO PD,0,0,0,0,1,4,0,2018
13,Monmouth,ASBURY PARK PD,3,10,54,107,101,538,14,2018
13,Monmouth,ATLANTIC HIGHLANDS PD,0,0,0,1,2,38,0,2018
13,Monmouth,AVON-BY-THE-SEA PD,0,0,0,1,3,26,2,2018
13,Monmouth,BELMAR PD,0,3,2,1,16,63,4,2018
13,Monmouth,BRADLEY BEACH PD,0,1,0,0,2,53,0,2018
13,Monmouth,BRIELLE PD,0,0,0,0,4,14,5,2018
13,Monmouth,BROOKDALE COLLEGE PD,0,0,0,0,0,11,1,2018
13,Monmouth,COLTS NECK PD,5,0,1,2,8,29,14,2018
13,Monmouth,DEAL PD,0,0,0,2,2,12,9,2018
13,Monmouth,EATONTOWN PD,0,10,8,12,17,255,5,2018
13,Monmouth,ENGLISHTOWN PD,0,2,0,4,2,15,3,2018
13,Monmouth,FAIR HAVEN PD,0,0,0,1,1,19,3,2018
13,Monmouth,FREEHOLD BORO PD,0,1,7,8,41,81,7,2018
13,Monmouth,FREEHOLD TWP PD,2,5,9,25,26,410,15,2018
13,Monmouth,HAZLET TWP PD,0,4,4,15,13,187,8,2018
13,Monmouth,HIGHLANDS PD,0,0,0,1,4,24,0,2018
13,Monmouth,HOLMDEL PD,0,2,0,2,6,108,15,2018
13,Monmouth,HOWELL TWP PD,0,4,8,24,61,282,8,2018
13,Monmouth,INTERLAKEN PD,0,0,0,0,5,0,0,2018
13,Monmouth,KEANSBURG PD,0,4,10,19,24,132,4,2018
13,Monmouth,KEYPORT PD,1,0,5,11,15,64,8,2018
13,Monmouth,LAKE COMO BORO PD,0,1,0,1,3,13,0,2018
13,Monmouth,LITTLE SILVER PD,0,0,0,2,3,27,4,2018
13,Monmouth,LOCH ARBOUR VILLAGE PD,0,0,0,0,1,3,0,2018
13,Monmouth,LONG BRANCH PD,3,7,24,90,94,514,31,2018
13,Monmouth,MANALAPAN TWP PD,0,7,2,4,36,165,17,2018
13,Monmouth,MANASQUAN PD,0,0,2,5,5,50,5,2018
13,Monmouth,MARLBORO TWP PD,0,1,1,23,37,206,28,2018
13,Monmouth,MATAWAN PD,0,0,0,0,0,9,1,2018
13,Monmouth,MIDDLETOWN PD,0,1,2,11,32,334,22,2018
13,Monmouth,MONMOUTH BEACH PD,0,0,0,0,5,17,4,2018
13,Monmouth,MONMOUTH CO PROSECUTOR'S OFFICE,0,0,0,0,0,0,0,2018
13,Monmouth,MONMOUTH CO SHERIFF'S DEPT,0,0,0,8,0,0,0,2018
13,Monmouth,MONMOUTH UNIVERSITY PD,0,1,0,0,2,22,0,2018
13,Monmouth,NEPTUNE CITY PD,0,1,1,8,9,130,2,2018
13,Monmouth,NEPTUNE TWP PD,2,4,24,76,92,749,10,2018
13,Monmouth,OCEAN TWP PD,0,1,8,11,66,505,15,2018
13,Monmouth,OCEANPORT PD,0,0,0,4,11,33,3,2018
13,Monmouth,RED BANK PD,1,0,6,14,14,139,9,2018
13,Monmouth,RUMSON PD,0,0,0,1,3,13,10,2018
13,Monmouth,SEA BRIGHT PD,0,1,0,1,2,3,0,2018
13,Monmouth,SEA GIRT PD,0,0,2,2,2,24,6,2018
13,Monmouth,SHREWSBURY PD,0,0,0,1,10,72,3,2018
13,Monmouth,SPRING LAKE HEIGHTS PD,0,0,1,0,1,11,5,2018
13,Monmouth,SPRING LAKE PD,0,0,0,0,4,35,2,2018
13,Monmouth,STATE POLICE MONMOUTH COUNTY,0,1,1,11,18,53,6,2018
13,Monmouth,TINTON FALLS PD,0,0,1,4,15,164,3,2018
13,Monmouth,UNION BEACH PD,0,1,0,6,2,20,2,2018
13,Monmouth,WALL TWP PD,0,0,0,7,36,225,1,2018
13,Monmouth,WEST LONG BRANCH PD,0,0,2,1,9,86,6,2018
14,Morris,BOONTON PD,0,1,2,4,11,79,4,2018
14,Morris,BOONTON TWP PD,0,1,1,0,3,20,1,2018
14,Morris,BUTLER BORO PD,0,0,0,0,11,37,2,2018
14,Morris,CHATHAM BORO PD,0,0,0,0,5,30,4,2018
14,Morris,CHATHAM TWP PD,0,0,0,0,2,26,5,2018
14,Morris,CHESTER BORO PD,0,0,0,0,0,6,0,2018
14,Morris,CHESTER TWP PD,0,0,0,0,5,14,3,2018
14,Morris,DENVILLE PD,0,1,1,0,7,77,6,2018
14,Morris,DOVER PD,0,1,10,15,32,141,14,2018
14,Morris,EAST HANOVER TWP PD,0,0,0,2,16,83,7,2018
14,Morris,FLORHAM PARK PD,0,0,2,1,8,53,4,2018
14,Morris,HANOVER TWP PD,0,2,1,1,10,143,8,2018
14,Morris,HARDING TWP PD,0,0,0,0,5,11,2,2018
14,Morris,JEFFERSON TWP PD,0,0,0,5,16,64,4,2018
14,Morris,KINNELON BORO PD,0,0,0,1,13,11,1,2018
14,Morris,LINCOLN PARK PD,0,0,0,0,6,49,5,2018
14,Morris,LONG HILL TWP PD,0,0,1,2,2,37,4,2018
14,Morris,MADISON PD,0,1,1,1,6,68,2,2018
14,Morris,MENDHAM BORO PD,0,0,0,0,4,18,2,2018
14,Morris,MENDHAM TWP PD,0,0,0,0,6,5,1,2018
14,Morris,MINE HILL TWP PD,0,0,0,0,4,8,4,2018
14,Morris,MONTVILLE TWP PD,0,1,0,3,16,124,33,2018
14,Morris,MORRIS CO PROSECUTOR' S OFFICE,0,0,0,0,0,0,0,2018
14,Morris,MORRIS CO SHERIFF'S DEPT,0,0,0,0,0,0,0,2018
14,Morris,MORRIS COUNTY PARK PD,0,0,1,0,0,9,0,2018
14,Morris,MORRIS PLAINS PD,0,1,1,1,2,59,0,2018
14,Morris,MORRIS TWP PD,0,0,1,5,25,91,4,2018
14,Morris,MORRISTOWN PD,0,2,9,19,14,177,11,2018
14,Morris,MOUNT ARLINGTON BORO PD,0,0,0,1,2,22,1,2018
14,Morris,MOUNT OLIVE TWP PD,0,1,1,4,15,59,3,2018
14,Morris,MOUNTAIN LAKES PD,0,0,0,0,7,23,13,2018
14,Morris,NETCONG BORO PD,0,2,1,0,1,12,1,2018
14,Morris,PARSIPPANY-TROY HILLS PD,1,4,6,18,53,279,30,2018
14,Morris,PEQUANNOCK PD,0,0,0,3,17,72,4,2018
14,Morris,RANDOLPH TWP PD,0,0,0,2,14,106,8,2018
14,Morris,RIVERDALE PD,0,0,0,0,5,85,3,2018
14,Morris,ROCKAWAY BORO PD,0,0,0,0,5,48,1,2018
14,Morris,ROCKAWAY TWP PD,0,0,3,3,14,269,11,2018
14,Morris,ROXBURY TWP PD,0,1,0,0,9,111,7,2018
14,Morris,STATE POLICE MORRIS COUNTY,0,4,0,4,0,4,2,2018
14,Morris,WASHINGTON TWP PD,0,3,0,4,6,39,5,2018
14,Morris,WHARTON BORO PD,0,0,0,2,10,57,2,2018
15,Ocean,BARNEGAT LIGHT BORO,0,0,0,0,1,11,0,2018
15,Ocean,BARNEGAT TWP PD,0,5,1,7,25,92,3,2018
15,Ocean,BAYHEAD BORO PD,0,0,0,0,3,13,1,2018
15,Ocean,BEACH HAVEN PD,0,0,0,0,3,114,1,2018
15,Ocean,BEACHWOOD BORO PD,0,1,5,0,19,111,0,2018
15,Ocean,BERKELEY TWP PD,0,6,6,13,68,300,10,2018
15,Ocean,BRICK TWP PD,0,12,8,45,113,768,23,2018
15,Ocean,HARVEY CEDARS BORO PD,0,0,0,0,3,21,0,2018
15,Ocean,ISLAND HEIGHTS BORO PD,0,1,1,1,1,11,0,2018
15,Ocean,JACKSON TWP PD,1,7,4,15,73,263,24,2018
15,Ocean,LACEY TWP PD,0,5,2,11,30,221,6,2018
15,Ocean,LAKEHURST BORO PD,0,0,3,6,4,25,1,2018
15,Ocean,LAKEWOOD PD,0,2,30,97,145,588,46,2018
15,Ocean,LAVALLETTE PD,0,0,0,1,1,21,0,2018
15,Ocean,LITTLE EGG HARBOR TWP PD,1,0,1,2,38,194,9,2018
15,Ocean,LONG BEACH TWP PD,0,0,0,3,5,53,1,2018
15,Ocean,MANCHESTER TWP PD,1,1,2,11,48,185,5,2018
15,Ocean,MANTOLOKING BORO PD,0,0,0,0,2,6,3,2018
15,Ocean,OCEAN CO PROSECUTOR'S OFFICE,0,0,0,0,0,0,0,2018
15,Ocean,OCEAN CO SHERIFF'S DEPT,0,0,0,1,0,7,0,2018
15,Ocean,OCEAN TWP PD,0,0,1,0,8,45,1,2018
15,Ocean,OCEANGATE BORO PD,0,0,0,1,8,22,0,2018
15,Ocean,PINE BEACH BORO PD,0,1,1,0,4,17,0,2018
15,Ocean,PLUMSTED TWP PD,0,0,0,1,22,28,3,2018
15,Ocean,POINT PLEASANT BEACH PD,0,0,0,3,5,59,0,2018
15,Ocean,POINT PLEASANT BORO PD,0,0,2,12,22,92,1,2018
15,Ocean,SEASIDE HEIGHTS PD,1,1,6,18,38,173,4,2018
15,Ocean,SEASIDE PARK PD,0,0,0,0,1,25,0,2018
15,Ocean,SHIP BOTTOM BORO PD,0,0,0,0,4,19,0,2018
15,Ocean,SOUTH TOMS RIVER PD,0,0,1,6,5,35,3,2018
15,Ocean,STAFFORD TWP PD,0,1,1,13,13,162,8,2018
15,Ocean,STATE POLICE OCEAN COUNTY,0,0,0,1,2,10,1,2018
15,Ocean,SURF CITY PD,0,0,0,0,1,11,0,2018
15,Ocean,TOMS RIVER TOWNSHIP,1,19,10,25,171,1112,34,2018
15,Ocean,TUCKERTON BORO PD,0,0,0,1,14,21,1,2018
16,Passaic,BLOOMINGDALE BORO PD,0,0,0,1,6,30,1,2018
16,Passaic,CLIFTON PD,1,3,43,50,162,1096,96,2018
16,Passaic,HALEDON PD,0,0,1,14,23,89,8,2018
16,Passaic,HAWTHORNE PD,0,0,2,0,28,139,10,2018
16,Passaic,LITTLE FALLS PD,0,0,0,16,17,83,13,2018
16,Passaic,NORTH HALEDON PD,0,1,1,1,6,26,0,2018
16,Passaic,PASSAIC CO PROSECUTOR'S OFFICE,0,0,0,0,0,0,0,2018
16,Passaic,PASSAIC CO SHERIFF'S DEPT,0,0,0,0,0,0,0,2018
16,Passaic,PASSAIC PD,1,7,167,231,170,943,185,2018
16,Passaic,PATERSON PD,13,49,532,482,797,2326,441,2018
16,Passaic,PEAPACK-GLADSTONE PD,0,0,0,0,10,9,0,2018
16,Passaic,POMPTON LAKES BORO PD,0,0,0,15,24,62,3,2018
16,Passaic,PROSPECT PARK BORO PD,0,1,3,1,17,66,12,2018
16,Passaic,RINGWOOD BORO PD,0,1,0,5,15,29,4,2018
16,Passaic,STATE POLICE PASSAIC COUNTY,0,0,0,0,0,6,2,2018
16,Passaic,TOTOWA BORO  PD,1,1,0,10,12,198,9,2018
16,Passaic,WANAQUE BORO PD,0,0,2,9,1,70,0,2018
16,Passaic,WAYNE PD,0,0,13,51,75,875,36,2018
16,Passaic,WEST MILFORD PD,0,2,0,8,23,127,8,2018
16,Passaic,WILLIAM PATERSON UNIVERSITY PD,0,1,0,0,8,48,1,2018
16,Passaic,WOODLAND PARK BORO PD,0,2,2,6,16,127,6,2018
17,Salem,CARNEY'S POINT PD,0,4,7,5,23,60,3,2018
17,Salem,ELMER BORO PD,0,0,0,0,0,4,0,2018
17,Salem,ELSINBORO TWP PD,0,0,0,0,3,5,1,2018
17,Salem,LOWER ALLOWAYS CREEK TWP PD,0,0,0,1,1,6,0,2018
17,Salem,PENNS GROVE PD,3,4,8,18,36,135,9,2018
17,Salem,PENNSVILLE PD,0,1,0,5,21,209,6,2018
17,Salem,SALEM CO PROSECUTOR'S OFFICE,0,0,0,0,0,0,0,2018
17,Salem,SALEM CO SHERIFF'S DEPT,0,0,0,0,0,0,0,2018
17,Salem,SALEM PD,2,2,9,30,75,129,17,2018
17,Salem,STATE POLICE SALEM COUNTY,0,0,4,9,64,151,16,2018
17,Salem,WOODSTOWN BORO PD,0,0,0,2,30,14,2,2018
18,Somerset,BEDMINSTER TWP PD,0,0,1,0,5,26,3,2018
18,Somerset,BERNARDS TWP PD,0,0,1,1,13,66,8,2018
18,Somerset,BERNARDSVILLE PD,0,0,0,1,2,36,1,2018
18,Somerset,BOUND BROOK PD,0,2,9,2,33,75,6,2018
18,Somerset,BRANCHBURG TWP PD,0,2,0,2,5,70,5,2018
18,Somerset,BRIDGEWATER TWP PD,0,0,9,7,53,265,13,2018
18,Somerset,FAR HILLS PD,0,1,0,0,1,4,1,2018
18,Somerset,FRANKLIN TWP PD,1,12,17,18,114,504,52,2018
18,Somerset,GREEN BROOK PD,0,0,2,8,21,61,12,2018
18,Somerset,HILLSBOROUGH TWP PD,0,6,1,8,46,190,4,2018
18,Somerset,MANVILLE PD,0,6,3,9,10,191,13,2018
18,Somerset,MONTGOMERY TWP PD,0,0,0,7,43,50,4,2018
18,Somerset,NORTH PLAINFIELD PD,1,7,18,13,54,272,12,2018
18,Somerset,RARITAN PD,0,0,0,1,5,54,0,2018
18,Somerset,SOMERSET CO PROSECUTOR'S OFFICE,0,0,0,0,0,0,0,2018
18,Somerset,SOMERSET CO SHERIFF'S DEPT,0,0,0,0,0,0,0,2018
18,Somerset,SOMERVILLE PD,0,2,5,9,24,101,6,2018
18,Somerset,SOUTH BOUND BROOK PD,0,2,1,1,5,21,2,2018
18,Somerset,STATE POLICE SOMERSET COUNTY,0,0,0,0,1,3,0,2018
18,Somerset,WARREN TWP PD,0,1,1,1,10,28,14,2018
18,Somerset,WATCHUNG PD,0,0,1,0,17,374,4,2018
19,Sussex,ANDOVER TWP PD,0,0,0,2,4,9,1,2018
19,Sussex,BYRAM TWP PD,0,1,0,2,4,40,1,2018
19,Sussex,FRANKLIN BORO PD,1,3,0,1,1,36,0,2018
19,Sussex,HAMBURG PD,0,0,0,1,1,10,0,2018
19,Sussex,HARDYSTON TWP POLICE DEPT,0,1,0,6,9,27,2,2018
19,Sussex,HOPATCONG PD,0,0,0,6,3,33,6,2018
19,Sussex,NEWTON PD,0,0,1,10,8,72,1,2018
19,Sussex,OGDENSBURG PD,0,1,0,0,0,2,1,2018
19,Sussex,SPARTA PD,0,0,1,4,6,41,7,2018
19,Sussex,STANHOPE PD,0,0,1,1,0,17,1,2018
19,Sussex,STATE POLICE SUSSEX COUNTY,0,5,1,13,42,147,2,2018
19,Sussex,SUSSEX CO PROSECUTOR'S OFFICE,0,0,0,0,0,0,0,2018
19,Sussex,SUSSEX CO SHERIFF'S DEPT,0,0,0,0,0,0,0,2018
19,Sussex,VERNON TWP PD,0,0,0,1,12,82,6,2018
20,Union,BERKELEY HEIGHTS PD,0,1,0,3,14,38,8,2018
20,Union,CLARK PD,0,0,2,2,7,213,7,2018
20,Union,CRANFORD PD,0,0,2,5,7,131,7,2018
20,Union,ELIZABETH PD,3,43,386,465,602,2655,745,2018
20,Union,FANWOOD PD,0,0,1,0,7,25,0,2018
20,Union,GARWOOD PD,0,0,0,1,5,26,1,2018
20,Union,HILLSIDE PD,0,2,22,17,72,372,96,2018
20,Union,KEAN UNIVERSITY PD,0,4,1,0,2,54,1,2018
20,Union,KENILWORTH PD,0,3,2,4,4,99,11,2018
20,Union,LINDEN PD,1,16,39,66,143,943,40,2018
20,Union,MOUNTAINSIDE PD,0,0,0,2,4,40,9,2018
20,Union,NEW PROVIDENCE PD,0,0,0,0,7,53,5,2018
20,Union,PLAINFIELD PD,5,4,99,87,141,597,82,2018
20,Union,RAHWAY PD,0,4,9,21,44,163,38,2018
20,Union,ROSELLE PARK PD,0,0,4,1,6,91,7,2018
20,Union,ROSELLE PD,0,0,14,31,53,203,25,2018
20,Union,SCOTCH PLAINS PD,0,1,2,7,36,127,8,2018
20,Union,SPRINGFIELD TWP PD,0,0,1,3,22,113,9,2018
20,Union,STATE POLICE UNION COUNTY,0,0,2,2,0,7,0,2018
20,Union,SUMMIT PD,0,2,5,0,9,120,14,2018
20,Union,UNION CO PD,0,0,3,17,1,29,0,2018
20,Union,UNION CO PROSECUTOR'S OFFICE,0,0,0,0,0,0,0,2018
20,Union,UNION CO SHERIFF'S OFFICE,0,0,0,0,0,0,0,2018
20,Union,UNION TWP PD,0,1,24,20,96,767,91,2018
20,Union,WESTFIELD PD,0,0,2,2,24,167,26,2018
20,Union,WINFIELD PD,0,0,1,0,5,3,0,2018
21,Warren,ALPHA PD,0,1,0,0,6,32,0,2018
21,Warren,BELVIDERE PD,0,0,0,1,18,27,2,2018
21,Warren,BLAIRSTOWN TWP PD,0,0,0,3,16,13,1,2018
21,Warren,GREENWICH TWP PD,0,0,0,0,6,93,0,2018
21,Warren,HACKETTSTOWN PD,0,1,1,3,2,40,4,2018
21,Warren,INDEPENDENCE TWP PD,0,2,0,1,5,3,2,2018
21,Warren,LOPATCONG TWP PD,0,1,0,0,6,59,2,2018
21,Warren,MANSFIELD TWP PD,0,1,0,0,8,72,2,2018
21,Warren,OXFORD TWP PD,0,0,0,0,2,9,1,2018
21,Warren,PHILLIPSBURG PD,0,12,15,17,56,230,9,2018
21,Warren,POHATCONG PD,0,0,1,0,5,140,1,2018
21,Warren,STATE POLICE WARREN COUNTY,0,2,1,5,26,61,11,2018
21,Warren,WARREN CO PROSECUTOR'S OFFICE,0,0,0,0,0,0,0,2018
21,Warren,WARREN CO SHERIFF'S DEPT,0,0,0,0,0,0,0,2018
21,Warren,WASHINGTON BORO PD,0,0,0,4,19,28,0,2018
21,Warren,WASHINGTON TWP PD,0,1,0,1,9,39,2,2018
